NU_ANO;CO_UF_ESCOLA;SG_UF_ESCOLA;CO_MUNICIPIO_ESCOLA;NO_MUNICIPIO_ESCOLA;CO_ESCOLA_EDUCACENSO;NO_ESCOLA_EDUCACENSO;TP_DEPENDENCIA_ADM_ESCOLA;TP_LOCALIZACAO_ESCOLA;NU_MATRICULAS;NU_PARTICIPANTES_NEC_ESP;NU_PARTICIPANTES;NU_TAXA_PARTICIPACAO;NU_MEDIA_CN;NU_MEDIA_CH;NU_MEDIA_LP;NU_MEDIA_MT;NU_MEDIA_RED;NU_MEDIA_OBJ;NU_MEDIA_TOT;INSE;PC_FORMACAO_DOCENTE;NU_TAXA_PERMANENCIA;NU_TAXA_APROVACAO;NU_TAXA_REPROVACAO;NU_TAXA_ABANDONO;PORTE_ESCOLA
2005;33;RJ;3303302;Niterói;33055335;CENTRO EDUC DE NITEROI;4;1;51;;62;;;;;;;;60.66;;;;;;;De 31 a 60 alunos
2007;33;RJ;3303302;Niterói;33055343;CENTRO EDUC DE NITEROI;4;1;28;;29;;;;;;;;71.97;;;;98.70;1.30;0.00;De 1 a 30 alunos
2008;33;RJ;3303302;Niterói;33055343;CENTRO EDUC DE NITEROI;4;1;21;;27;;;;;;65.00;59.85;;;;;94.70;5.30;0.00;De 1 a 30 alunos
2008;33;RJ;3303302;Niterói;33055378;CENTRO EDUCACIONAL SHALON;4;1;33;;14;;;;;;57.50;41.38;;;;;;;;De 31 a 60 alunos
2005;33;RJ;3303302;Niterói;33055408;EQUIPE 1 VESTIBULAR E COLEGIO;4;1;35;;12;;;;;;;;56.99;;;;80.20;15.60;4.20;De 31 a 60 alunos
2005;33;RJ;3303302;Niterói;33055521;CENTRO DE FORM BASICA E PROF MARIA THEREZA;4;1;33;;13;;;;;;;;50.58;;;;76.80;23.20;0.00;De 31 a 60 alunos
2006;33;RJ;3303302;Niterói;33055521;CENTRO DE FORM BASICA E PROF MARIA THEREZA;4;1;38;;22;;;;;;;;49.28;;;;;;;De 31 a 60 alunos
2007;33;RJ;3303302;Niterói;33055521;CENTRO DE FORM BASICA E PROF MARIA THEREZA;4;1;31;;17;;;;;;;;52.70;;;;72.70;27.30;0.00;De 31 a 60 alunos
2008;33;RJ;3303302;Niterói;33055521;CENTRO DE FORM BASICA E PROF MARIA THEREZA;4;1;37;;18;;;;;;60.42;45.86;;;;;78.80;20.20;1.00;De 31 a 60 alunos
2005;33;RJ;3303302;Niterói;33055580;COL CORREA D'AVILA;4;1;29;;16;;;;;;;;56.49;;;;88.40;11.60;0.00;De 1 a 30 alunos
2006;33;RJ;3303302;Niterói;33055580;COL CORREA D'AVILA;4;1;26;;10;;;;;;;;52.11;;;;;;;De 1 a 30 alunos
2007;33;RJ;3303302;Niterói;33055580;COLEGIO CORRÊA D´AVILA;4;1;29;;15;;;;;;;;62.79;;;;80.30;14.80;4.90;De 1 a 30 alunos
2008;33;RJ;3303302;Niterói;33055610;C.E. AURELINO LEAL;2;1;247;;168;;;;;;60.97;40.17;;;;;77.50;13.00;9.50;Maior que 90 alunos
2005;33;RJ;3303302;Niterói;33055637;C.E. BRIGADEIRO CASTRIOTO;2;1;94;;43;;;;;;;;44.73;;;;55.60;23.10;21.30;Maior que 90 alunos
2006;33;RJ;3303302;Niterói;33055637;C.E. BRIGADEIRO CASTRIOTO;2;1;57;;24;;;;;;;;36.40;;;;;;;De 31 a 60 alunos
2007;33;RJ;3303302;Niterói;33055637;C.E. BRIGADEIRO CASTRIOTO;2;1;46;;22;;;;;;;;48.84;;;;70.30;20.80;8.90;De 31 a 60 alunos
2008;33;RJ;3303302;Niterói;33055637;C.E. BRIGADEIRO CASTRIOTO;2;1;19;;11;;;;;;55.00;40.4;;;;;74.60;13.40;12.00;De 1 a 30 alunos
2005;33;RJ;3303302;Niterói;33055645;C.E. CIZINIO SOARES PINTO;2;1;117;;45;;;;;;;;39.45;;;;69.80;11.00;19.20;Maior que 90 alunos
2007;33;RJ;3303302;Niterói;33055645;C.E. CIZINIO SOARES PINTO;2;1;29;;16;;;;;;;;53.41;;;;61.60;23.20;15.20;De 1 a 30 alunos
2008;33;RJ;3303302;Niterói;33055645;C.E. CIZINIO SOARES PINTO;2;1;29;;13;;;;;;53.85;35.29;;;;;45.30;29.10;25.60;De 1 a 30 alunos
2008;33;RJ;3303302;Niterói;33055653;C.E. CONSELHEIRO MACEDO SOARES;2;1;73;;35;;;;;;55.88;39.32;;;;;58.30;28.90;12.80;De 61 a 90 alunos
2005;33;RJ;3303302;Niterói;33055661;C.E. DR. LUCIANO PESTRE;2;1;41;;19;;;;;;;;38.80;;;;76.10;3.90;20.00;De 31 a 60 alunos
2006;33;RJ;3303302;Niterói;33055661;C.E. DR. LUCIANO PESTRE;2;1;62;;24;;;;;;;;37.66;;;;;;;De 61 a 90 alunos
2005;33;RJ;3303302;Niterói;33055670;C.E. FERNANDO MAGALHAES;2;1;57;;43;;;;;;;;45.84;;;;71.80;25.40;2.80;De 31 a 60 alunos
2006;33;RJ;3303302;Niterói;33055670;C.E. FERNANDO MAGALHAES;2;1;56;;40;;;;;;;;46.12;;;;;;;De 31 a 60 alunos
2007;33;RJ;3303302;Niterói;33055670;C.E. FERNANDO MAGALHAES;2;1;60;;34;;;;;;;;50.82;;;;80.40;16.10;3.50;De 31 a 60 alunos
2008;33;RJ;3303302;Niterói;33055670;C.E. FERNANDO MAGALHAES;2;1;66;;49;;;;;;59.64;37.61;;;;;70.00;27.90;2.10;De 61 a 90 alunos
2008;33;RJ;3303302;Niterói;33055696;C.E. GUILHERME BRIGGS;2;1;25;;13;;;;;;52.88;31.5;;;;;82.40;0.00;17.60;De 1 a 30 alunos
2005;33;RJ;3303302;Niterói;33055700;C.E. HILARIO RIBEIRO;2;1;262;;92;;;;;;;;41.36;;;;68.20;7.00;24.80;Maior que 90 alunos
2006;33;RJ;3303302;Niterói;33055700;C.E. HILARIO RIBEIRO;2;1;210;;78;;;;;;;;37.09;;;;;;;Maior que 90 alunos
2007;33;RJ;3303302;Niterói;33055700;C.E. HILARIO RIBEIRO;2;1;179;;34;;;;;;;;49.44;;;;52.10;34.30;13.60;Maior que 90 alunos
2008;33;RJ;3303302;Niterói;33055700;C.E. HILARIO RIBEIRO;2;1;137;;37;;;;;;52.43;33.38;;;;;46.40;26.90;26.70;Maior que 90 alunos
2005;33;RJ;3303302;Niterói;33055726;C.E. JOAQUIM TAVORA;2;1;205;;77;;;;;;;;43.92;;;;54.20;35.00;10.80;Maior que 90 alunos
2006;33;RJ;3303302;Niterói;33055726;C.E. JOAQUIM TAVORA;2;1;182;;85;;;;;;;;40.09;;;;;;;Maior que 90 alunos
2007;33;RJ;3303302;Niterói;33055726;C.E. JOAQUIM TAVORA;2;1;131;;86;;;;;;;;50.18;;;;61.50;30.60;7.90;Maior que 90 alunos
2008;33;RJ;3303302;Niterói;33055726;C.E. JOAQUIM TAVORA;2;1;118;;92;;;;;;56.72;39.82;;;;;45.30;47.30;7.40;Maior que 90 alunos
2008;33;RJ;3303302;Niterói;33055734;COLEGIO ESTADUAL MACHADO DE ASSIS;2;1;87;;44;;;;;;56.28;36.62;;;;;55.30;37.00;7.70;De 61 a 90 alunos
2005;33;RJ;3303302;Niterói;33055742;C.E. MULLULO DA VEIGA;2;1;80;;20;;;;;;;;35.98;;;;59.50;10.30;30.20;De 61 a 90 alunos
2006;33;RJ;3303302;Niterói;33055742;C.E. MULLULO DA VEIGA;2;1;87;;36;;;;;;;;34.76;;;;;;;De 61 a 90 alunos
2008;33;RJ;3303302;Niterói;33055742;C.E. MULLULO DA VEIGA;2;1;19;;10;;;;;;52.50;31.11;;;;;78.20;11.50;10.30;De 1 a 30 alunos
2005;33;RJ;3303302;Niterói;33055750;C.E. PAULO ASSIS RIBEIRO;2;1;128;;74;;;;;;;;44.03;;;;72.00;19.40;8.60;Maior que 90 alunos
2006;33;RJ;3303302;Niterói;33055750;C.E. PAULO ASSIS RIBEIRO;2;1;126;;81;;;;;;;;40.38;;;;;;;Maior que 90 alunos
2007;33;RJ;3303302;Niterói;33055750;C.E. PAULO ASSIS RIBEIRO;2;1;171;;98;;;;;;;;49.44;;;;59.80;34.70;5.50;Maior que 90 alunos
2008;33;RJ;3303302;Niterói;33055750;C.E. PAULO ASSIS RIBEIRO;2;1;157;;63;;;;;;52.96;36.18;;;;;63.60;23.40;13.00;Maior que 90 alunos
2005;33;RJ;3303302;Niterói;33055769;C.E. RAUL VIDAL;2;1;277;;118;;;;;;;;41.53;;;;59.10;24.00;16.90;Maior que 90 alunos
2006;33;RJ;3303302;Niterói;33055769;C.E. RAUL VIDAL;2;1;305;;120;;;;;;;;39.04;;;;;;;Maior que 90 alunos
2007;33;RJ;3303302;Niterói;33055769;C.E. RAUL VIDAL;2;1;243;;118;;;;;;;;47.91;;;;53.20;31.00;15.80;Maior que 90 alunos
2008;33;RJ;3303302;Niterói;33055769;C.E. RAUL VIDAL;2;1;215;;79;;;;;;55.07;39.16;;;;;42.00;40.10;17.90;Maior que 90 alunos
2005;33;RJ;3303302;Niterói;33055785;C.E. ZULEIKA RAPOSO VALLADARES;2;1;121;;28;;;;;;;;44.99;;;;85.10;14.90;0.00;Maior que 90 alunos
2006;33;RJ;3303302;Niterói;33055785;C.E. ZULEIKA RAPOSO VALLADARES;2;1;114;;25;;;;;;;;38.05;;;;;;;Maior que 90 alunos
2007;33;RJ;3303302;Niterói;33055785;C.E. ZULEIKA RAPOSO VALLADARES;2;1;121;;30;;;;;;;;50.04;;;;77.50;21.30;1.20;Maior que 90 alunos
2008;33;RJ;3303302;Niterói;33055785;C.E. ZULEIKA RAPOSO VALLADARES;2;1;105;;27;;;;;;56.76;35.16;;;;;59.30;7.80;32.90;Maior que 90 alunos
2006;33;RJ;3303302;Niterói;33055793;COL GOMES PEREIRA;4;1;16;;15;;;;;;;;48.83;;;;;;;De 1 a 30 alunos
2005;33;RJ;3303302;Niterói;33055815;COL INST SAO JOSE;4;1;57;;32;;;;;;;;57.43;;;;96.80;3.20;0.00;De 31 a 60 alunos
2006;33;RJ;3303302;Niterói;33055815;COL INST SAO JOSE;4;1;34;;21;;;;;;;;52.77;;;;;;;De 31 a 60 alunos
2007;33;RJ;3303302;Niterói;33055815;COL INST SAO JOSE;4;1;32;;16;;;;;;;;66.30;;;;89.20;8.50;2.30;De 31 a 60 alunos
2008;33;RJ;3303302;Niterói;33055815;COL INST SAO JOSE;4;1;48;;19;;;;;;65.83;52.71;;;;;83.50;16.50;0.00;De 31 a 60 alunos
2005;33;RJ;3303302;Niterói;33055831;COL ITAPUCA MATRIZ;4;1;34;;27;;;;;;;;57.59;;;;78.50;20.70;0.80;De 31 a 60 alunos
2006;33;RJ;3303302;Niterói;33055831;COL ITAPUCA MATRIZ;4;1;32;;24;;;;;;;;56.40;;;;;;;De 31 a 60 alunos
2008;33;RJ;3303302;Niterói;33055831;COLEGIO ITAPUCA - SANTA ROSA;4;1;16;;15;;;;;;62.33;48.04;;;;;87.70;12.30;0.00;De 1 a 30 alunos
2005;33;RJ;3303302;Niterói;33055866;COL MARILIA MATTOSO;4;1;52;;38;;;;;;;;68.92;;;;84.80;15.20;0.00;De 31 a 60 alunos
2006;33;RJ;3303302;Niterói;33055866;COL MARILIA MATTOSO;4;1;51;;34;;;;;;;;64.52;;;;;;;De 31 a 60 alunos
2007;33;RJ;3303302;Niterói;33055866;COL MARILIA MATTOSO;4;1;41;;29;;;;;;;;75.05;;;;79.90;20.10;0.00;De 31 a 60 alunos
2008;33;RJ;3303302;Niterói;33055866;COL MARILIA MATTOSO;4;1;32;;28;;;;;;75.27;69.5;;;;;84.70;15.30;0.00;De 31 a 60 alunos
2005;33;RJ;3303302;Niterói;33055874;COL MONSENHOR RAEDER;4;1;39;;11;;;;;;;;61.40;;;;;;;De 31 a 60 alunos
2008;33;RJ;3303302;Niterói;33055874;COL MONSENHOR RAEDER;4;1;25;;14;;;;;;62.32;53.4;;;;;96.30;3.70;0.00;De 1 a 30 alunos
2005;33;RJ;3303302;Niterói;33055882;COL NS DA ASSUNCAO;4;1;61;;53;;;;;;;;67.31;;;;89.60;10.40;0.00;De 61 a 90 alunos
2006;33;RJ;3303302;Niterói;33055882;COL NS DA ASSUNCAO;4;1;56;;44;;;;;;;;60.73;;;;;;;De 31 a 60 alunos
2008;33;RJ;3303302;Niterói;33055882;COLEGIO NOSSA SENHORA DA ASSUNCAO;4;1;4;;50;;;;;;68.16;60.16;;;;;75.00;25.00;0.00;De 1 a 30 alunos
2005;33;RJ;3303302;Niterói;33055890;COL NS DAS MERCES;4;1;32;;26;;;;;;;;62.16;;;;91.70;8.30;0.00;De 31 a 60 alunos
2006;33;RJ;3303302;Niterói;33055890;COL NS DAS MERCES;4;1;30;;15;;;;;;;;55.93;;;;;;;De 1 a 30 alunos
2007;33;RJ;3303302;Niterói;33055890;COL NS DAS MERCES;4;1;50;;34;;;;;;;;66.63;;;;85.70;14.30;0.00;De 31 a 60 alunos
2008;33;RJ;3303302;Niterói;33055890;COL NS DAS MERCES;4;1;28;;15;;;;;;68.50;62.65;;;;;82.80;17.20;0.00;De 1 a 30 alunos
2005;33;RJ;3303302;Niterói;33055920;COLEGIO MV I ICARAI;4;1;112;;50;;;;;;;;66.96;;;;83.30;16.70;0.00;Maior que 90 alunos
2006;33;RJ;3303302;Niterói;33055920;COLEGIO MV I ICARAI;4;1;120;;84;;;;;;;;61.45;;;;;;;Maior que 90 alunos
2007;33;RJ;3303302;Niterói;33055920;COLEGIO MV I ICARAI;4;1;101;;66;;;;;;;;70.10;;;;86.70;13.30;0.00;Maior que 90 alunos
2008;33;RJ;3303302;Niterói;33055920;COLEGIO MV I ICARAI;4;1;98;;78;;;;;;69.65;63.61;;;;;77.50;22.50;0.00;Maior que 90 alunos
2005;33;RJ;3303302;Niterói;33055939;COL PLINIO LEITE;4;1;79;;48;;;;;;;;58.17;;;;87.60;10.70;1.70;De 61 a 90 alunos
2006;33;RJ;3303302;Niterói;33055939;COL PLINIO LEITE;4;1;93;;53;;;;;;;;54.08;;;;;;;Maior que 90 alunos
2007;33;RJ;3303302;Niterói;33055939;COLEGIO PLINIO LEITE;4;1;81;;62;;;;;;;;65.81;;;;89.80;9.00;1.20;De 61 a 90 alunos
2008;33;RJ;3303302;Niterói;33055939;COLEGIO PLINIO LEITE;4;1;58;;41;;;;;;69.09;52.77;;;;;89.60;10.40;0.00;De 31 a 60 alunos
2005;33;RJ;3303302;Niterói;33055947;COL SALESIANO STA ROSA;4;1;313;;250;;;;;;;;68.08;;;;97.30;2.00;0.70;Maior que 90 alunos
2006;33;RJ;3303302;Niterói;33055947;COL SALESIANO STA ROSA;4;1;309;;238;;;;;;;;61.12;;;;;;;Maior que 90 alunos
2007;33;RJ;3303302;Niterói;33055947;COLEGIO SALESIANO SANTA ROSA;4;1;325;;205;;;;;;;;71.82;;;;91.70;2.90;5.40;Maior que 90 alunos
2008;33;RJ;3303302;Niterói;33055947;COLEGIO SALESIANO SANTA ROSA;4;1;365;;252;;;;;;69.74;61;;;;;97.00;3.00;0.00;Maior que 90 alunos
2005;33;RJ;3303302;Niterói;33055955;COL SAO VICENTE DE PAULO;4;1;199;;159;;;;;;;;65.23;;;;87.90;12.10;0.00;Maior que 90 alunos
2006;33;RJ;3303302;Niterói;33055955;COL SAO VICENTE DE PAULO;4;1;185;;141;;;;;;;;61.48;;;;;;;Maior que 90 alunos
2007;33;RJ;3303302;Niterói;33055955;COL SAO VICENTE DE PAULO;4;1;192;;117;;;;;;;;70.05;;;;86.70;13.30;0.00;Maior que 90 alunos
2008;33;RJ;3303302;Niterói;33055955;COL SAO VICENTE DE PAULO;4;1;117;;62;;;;;;67.70;62.67;;;;;90.00;10.00;0.00;Maior que 90 alunos
2005;33;RJ;3303302;Niterói;33055998;COL  ARGUMENTO;4;1;216;;128;;;;;;;;58.51;;;;99.60;0.40;0.00;Maior que 90 alunos
2006;33;RJ;3303302;Niterói;33055998;COL  ARGUMENTO;4;1;188;;94;;;;;;;;52.09;;;;;;;Maior que 90 alunos
2007;33;RJ;3303302;Niterói;33055998;COLEGIO ARGUMENTO;4;1;176;;48;;;;;;;;61.20;;;;98.20;0.00;1.80;Maior que 90 alunos
2008;33;RJ;3303302;Niterói;33055998;COLEGIO ARGUMENTO;4;1;137;;63;;;;;;63.73;49.48;;;;;92.30;6.30;1.40;Maior que 90 alunos
2006;33;RJ;3303302;Niterói;33056293;CENTRO EDUC ADVENTISTA DE NITEROI;4;1;14;;11;;;;;;;;52.19;;;;;;;De 1 a 30 alunos
2007;33;RJ;3303302;Niterói;33056293;CENTRO EDUC ADVENTISTA DE NITEROI;4;1;24;;16;;;;;;;;58.82;;;;;;;De 1 a 30 alunos
2005;33;RJ;3303302;Niterói;33056358;C.E. CONSELHEIRO JOSINO;2;1;81;;14;;;;;;;;34.00;;;;65.30;6.60;28.10;De 61 a 90 alunos
2006;33;RJ;3303302;Niterói;33056358;C.E. CONSELHEIRO JOSINO;2;1;74;;22;;;;;;;;27.72;;;;;;;De 61 a 90 alunos
2005;33;RJ;3303302;Niterói;33056471;C.E. JOSE BONIFACIO;2;1;66;;46;;;;;;;;49.95;;;;77.30;10.70;12.00;De 61 a 90 alunos
2006;33;RJ;3303302;Niterói;33056471;C.E. JOSE BONIFACIO;2;1;53;;37;;;;;;;;41.91;;;;;;;De 31 a 60 alunos
2007;33;RJ;3303302;Niterói;33056471;C.E. JOSE BONIFACIO;2;1;49;;32;;;;;;;;47.84;;;;76.40;18.00;5.60;De 31 a 60 alunos
2008;33;RJ;3303302;Niterói;33056471;C.E. JOSE BONIFACIO;2;1;30;;21;;;;;;50.36;34.01;;;;;63.80;14.80;21.40;De 1 a 30 alunos
2005;33;RJ;3303302;Niterói;33056480;C.E. LEOPOLDO FROES;2;1;160;;60;;;;;;;;40.26;;;;56.00;31.70;12.30;Maior que 90 alunos
2006;33;RJ;3303302;Niterói;33056480;C.E. LEOPOLDO FROES;2;1;132;;55;;;;;;;;41.36;;;;;;;Maior que 90 alunos
2007;33;RJ;3303302;Niterói;33056480;C.E. LEOPOLDO FROES;2;1;136;;56;;;;;;;;48.74;;;;60.50;21.40;18.10;Maior que 90 alunos
2008;33;RJ;3303302;Niterói;33056480;C.E. LEOPOLDO FROES;2;1;112;;35;;;;;;55.45;31.25;;;;;62.50;11.50;26.00;Maior que 90 alunos
2005;33;RJ;3303302;Niterói;33056498;E.E. MANUEL DE ABREU;2;1;132;;70;;;;;;;;43.97;;;;72.90;17.50;9.60;Maior que 90 alunos
2006;33;RJ;3303302;Niterói;33056498;C.E. MANUEL DE ABREU;2;1;156;;97;;;;;;;;41.64;;;;;;;Maior que 90 alunos
2007;33;RJ;3303302;Niterói;33056498;C.E. MANUEL DE ABREU;2;1;159;;102;;;;;;;;50.19;;;;73.90;13.90;12.20;Maior que 90 alunos
2008;33;RJ;3303302;Niterói;33056498;C.E. MANUEL DE ABREU;2;1;172;;105;;;;;;58.87;38.87;;;;;70.50;18.10;11.40;Maior que 90 alunos
2005;33;RJ;3303302;Niterói;33057109;INSTITUTO  ABEL;4;1;479;;417;;;;;;;;69.76;;;;94.20;5.80;0.00;Maior que 90 alunos
2006;33;RJ;3303302;Niterói;33057109;INSTITUTO  ABEL;4;1;379;;322;;;;;;;;64.49;;;;;;;Maior que 90 alunos
2007;33;RJ;3303302;Niterói;33057109;INSTITUTO ABEL;4;1;382;;332;;;;;;;;73.29;;;;95.60;4.40;0.00;Maior que 90 alunos
2008;33;RJ;3303302;Niterói;33057109;INSTITUTO ABEL;4;1;378;;326;;;;;;68.60;66.98;;;;;92.30;7.70;0.00;Maior que 90 alunos
2005;33;RJ;3303302;Niterói;33057117;I.E. PROFº  ISMAEL COUTINHO;2;1;321;;68;;;;;;;;49.12;;;;72.10;21.80;6.10;Maior que 90 alunos
2006;33;RJ;3303302;Niterói;33057117;I.E. PROFº  ISMAEL COUTINHO;2;1;341;;80;;;;;;;;46.75;;;;;;;Maior que 90 alunos
2007;33;RJ;3303302;Niterói;33057117;I.E. PROF.ISMAEL COUTINHO;2;1;360;;91;;;;;;;;51.73;;;;71.10;24.20;4.70;Maior que 90 alunos
2008;33;RJ;3303302;Niterói;33057117;I.E. PROF.ISMAEL COUTINHO;2;1;291;;100;;;;;;60.88;38.89;;;;;70.30;29.10;0.60;Maior que 90 alunos
2008;33;RJ;3303302;Niterói;33057176;INST EDUC TAURUS;4;1;21;;15;;;;;;62.83;43.81;;;;;85.10;8.10;6.80;De 1 a 30 alunos
2005;33;RJ;3303302;Niterói;33057206;INST GAY LUSSAC / SAO FRANCISCO;4;1;60;;60;;;;;;;;73.05;;;;99.00;1.00;0.00;De 31 a 60 alunos
2006;33;RJ;3303302;Niterói;33057206;INST GAY LUSSAC / SAO FRANCISCO;4;1;59;;59;;;;;;;;64.93;;;;;;;De 31 a 60 alunos
2007;33;RJ;3303302;Niterói;33057206;GAYLUSSAC EMPREENDIMENTOS EDUCACIONAIS LTDA.;4;1;52;;50;;;;;;;;75.91;;;;95.40;4.10;0.50;De 31 a 60 alunos
2008;33;RJ;3303302;Niterói;33057206;INSTITUTO GAYLUSSAC - ENS. FUNDAMENTAL E MEDIO;4;1;49;;48;;;;;;75.73;72.06;;;;;93.60;6.40;0.00;De 31 a 60 alunos
2005;33;RJ;3303302;Niterói;33057443;CENTRO DE ENS INT RABELLO AMIN JD ESC LAPIS DE COR;4;1;18;;13;;;;;;;;51.28;;;;94.40;5.60;0.00;De 1 a 30 alunos
2005;33;RJ;3303302;Niterói;33057508;LICEU NILO PECANHA;2;1;751;;354;;;;;;;;49.74;;;;57.30;19.80;22.90;Maior que 90 alunos
2006;33;RJ;3303302;Niterói;33057508;LICEU NILO PECANHA;2;1;724;;468;;;;;;;;46.66;;;;;;;Maior que 90 alunos
2007;33;RJ;3303302;Niterói;33057508;LICEU NILO PECANHA;2;1;690;;434;;;;;;;;54.97;;;;61.90;31.10;7.00;Maior que 90 alunos
2008;33;RJ;3303302;Niterói;33057508;LICEU NILO PECANHA;2;1;750;;422;;;;;;60.93;41.69;;;;;57.80;38.40;3.80;Maior que 90 alunos
2005;33;RJ;3303302;Niterói;33057702;C.E. PROFª ALCINA RODRIGUES LIMA;2;1;236;;98;;;;;;;;42.64;;;;59.60;20.50;19.90;Maior que 90 alunos
2006;33;RJ;3303302;Niterói;33057702;C.E. PROFª ALCINA RODRIGUES LIMA;2;1;231;;112;;;;;;;;39.90;;;;;;;Maior que 90 alunos
2007;33;RJ;3303302;Niterói;33057702;C.E. PROFª ALCINA RODRIGUES LIMA;2;1;224;;60;;;;;;;;50.77;;;;62.00;19.10;18.90;Maior que 90 alunos
2008;33;RJ;3303302;Niterói;33057702;C.E. PROFª ALCINA RODRIGUES LIMA;2;1;181;;67;;;;;;56.46;37.79;;;;;49.20;19.80;31.00;Maior que 90 alunos
2006;33;RJ;3303302;Niterói;33057729;COL CENECISTA ATHAYDE PARREIRAS;4;1;31;;26;;;;;;;;50.93;;;;;;;De 31 a 60 alunos
2007;33;RJ;3303302;Niterói;33057729;COL CENECISTA ATHAYDE PARREIRAS;4;1;21;;12;;;;;;;;58.58;;;;66.70;31.90;1.40;De 1 a 30 alunos
2008;33;RJ;3303302;Niterói;33057729;COL CENECISTA ATHAYDE PARREIRAS;4;1;16;;13;;;;;;65.96;45.91;;;;;93.40;6.60;0.00;De 1 a 30 alunos
2005;33;RJ;3303302;Niterói;33057818;COL ITAPUCA;4;1;49;;37;;;;;;;;60.94;;;;72.30;27.70;0.00;De 31 a 60 alunos
2006;33;RJ;3303302;Niterói;33057818;COL ITAPUCA;4;1;42;;34;;;;;;;;55.29;;;;;;;De 31 a 60 alunos
2008;33;RJ;3303302;Niterói;33057818;COL ITAPUCA - REGIAO OCEANICA;4;1;13;;11;;;;;;60.23;62.91;;;;;86.40;13.60;0.00;De 1 a 30 alunos
2005;33;RJ;3303302;Niterói;33057826;COLEGIO GAIA;4;1;44;;13;;;;;;;;58.26;;;;92.40;6.80;0.80;De 31 a 60 alunos
2006;33;RJ;3303302;Niterói;33057826;COLEGIO GAIA;4;1;36;;13;;;;;;;;58.60;;;;;;;De 31 a 60 alunos
2007;33;RJ;3303302;Niterói;33057826;COLEGIO GAIA;4;1;25;;10;;;;;;;;62.88;;;;;;;De 1 a 30 alunos
2008;33;RJ;3303302;Niterói;33057826;COLEGIO GAIA;4;1;22;;17;;;;;;65.15;57.33;;;;;66.70;33.30;0.00;De 1 a 30 alunos
2007;33;RJ;3303302;Niterói;33102503;C.E. DAVID CAPISTRANO;2;1;222;;154;;;;;;;;52.68;;;;65.40;19.60;15.00;Maior que 90 alunos
2006;33;RJ;3303302;Niterói;33102503;C.E. DAVID CAPISTRANO;2;1;252;;191;;;;;;;;43.32;;;;;;;Maior que 90 alunos
2005;33;RJ;3303302;Niterói;33102503;C.E. DAVID CAPISTRANO;2;1;201;;138;;;;;;;;47.33;;;;71.80;26.30;1.90;Maior que 90 alunos
2008;33;RJ;3303302;Niterói;33102503;C.E. DAVID CAPISTRANO;2;1;234;;132;;;;;;59.55;38.79;;;;;68.50;18.60;12.90;Maior que 90 alunos
2005;33;RJ;3303302;Niterói;33104581;COL JOGAIB;4;1;32;;18;;;;;;;;51.48;;;;79.60;19.40;1.00;De 31 a 60 alunos
2006;33;RJ;3303302;Niterói;33104581;COL JOGAIB;4;1;25;;12;;;;;;;;47.48;;;;;;;De 1 a 30 alunos
2006;33;RJ;3303302;Niterói;33110263;ASSOC EDUC DE NITEROI;4;1;17;;15;;;;;;;;60.82;;;;;;;De 1 a 30 alunos
2005;33;RJ;3303302;Niterói;33110263;ASSOC EDUC DE NITEROI;4;1;21;;11;;;;;;;;65.24;;;;95.20;1.60;3.20;De 1 a 30 alunos
2008;33;RJ;3303302;Niterói;33110263;ASSOC EDUC DE NITEROI;4;1;13;;13;;;;;;64.42;63.49;;;;;81.20;18.80;0.00;De 1 a 30 alunos
2005;33;RJ;3303302;Niterói;33110662;SOCIEDADE EDUCACIONAL PROJEÇAO LTDA;4;1;40;;14;;;;;;;;50.37;;;;89.40;10.60;0.00;De 31 a 60 alunos
2005;33;RJ;3303302;Niterói;33111022;COL PIRATININGA;4;1;20;;16;;;;;;;;51.71;;;;97.20;2.80;0.00;De 1 a 30 alunos
2006;33;RJ;3303302;Niterói;33111022;COL PIRATININGA;4;1;23;;14;;;;;;;;49.08;;;;;;;De 1 a 30 alunos
2005;33;RJ;3303302;Niterói;33115036;COL REI - REDE DE ENSINO INTEGRADO;4;1;81;;24;;;;;;;;47.90;;;;;;;De 61 a 90 alunos
2006;33;RJ;3303302;Niterói;33115079;CENTRO EDUCACIONAL 2 IRMAOS LTDA - ME;4;1;25;;10;;;;;;;;49.10;;;;;;;De 1 a 30 alunos
2006;33;RJ;3303302;Niterói;33121788;FACTO COLEGIO E CURSO;4;1;21;;16;;;;;;;;54.10;;;;;;;De 1 a 30 alunos
2005;33;RJ;3303302;Niterói;33121788;FACTO COLEGIO E CURSO;4;1;19;;15;;;;;;;;58.47;;;;87.80;12.20;0.00;De 1 a 30 alunos
2008;33;RJ;3303302;Niterói;33121788;FACTO COLEGIO E CURSO;4;1;23;;13;;;;;;68.13;59.1;;;;;91.10;8.90;0.00;De 1 a 30 alunos
2005;33;RJ;3303302;Niterói;33121842;COLEGIO REI DE PIRATININGA;4;1;45;;12;;;;;;;;53.69;;;;;;;De 31 a 60 alunos
2005;33;RJ;3303302;Niterói;33122016;SOCIEDADE EDUCACIONAL PROJEÇAO LTDA;4;1;77;;54;;;;;;;;56.83;;;;94.90;2.90;2.20;De 61 a 90 alunos
2006;33;RJ;3303302;Niterói;33122016;SOCIEDADE EDUCACIONAL PROJEÇAO LTDA;4;1;60;;28;;;;;;;;52.60;;;;;;;De 31 a 60 alunos
2005;33;RJ;3303302;Niterói;33131660;ALQUIMIA COLEGIO E VESTIBULARES;4;1;91;;46;;;;;;;;60.09;;;;96.70;0.00;3.30;Maior que 90 alunos
2007;33;RJ;3303302;Niterói;33131660;ALQUIMIA COLEGIO E VESTIBULARES;4;1;60;;17;;;;;;;;63.04;;;;100.00;0.00;0.00;De 31 a 60 alunos
2005;33;RJ;3303302;Niterói;33134383;COLEGIO REI;4;1;39;;39;;;;;;;;50.95;;;;;;;De 31 a 60 alunos
2005;33;RJ;3303302;Niterói;33139954;ASSOCIAÇÃO EDUCACIONAL SOARES ALMEIDA S/C;4;1;18;;16;;;;;;;;65.85;;;;96.00;2.00;2.00;De 1 a 30 alunos
2008;33;RJ;3303302;Niterói;33139954;ASSOCIACAO EDUCACIONAL SOARES ALMEIDA S/C;4;1;17;;12;;;;;;65.00;64.82;;;;;98.30;1.70;0.00;De 1 a 30 alunos
2007;33;RJ;3303302;Niterói;33143609;GRUPO NIT DE ENSINO;4;1;66;;36;;;;;;;;64.33;;;;84.00;12.00;4.00;De 61 a 90 alunos
2005;33;RJ;3303302;Niterói;33143609;GRUPO NIT DE ENSINO;4;1;54;;11;;;;;;;;53.10;;;;92.90;5.10;2.00;De 31 a 60 alunos
2008;33;RJ;3303302;Niterói;33143609;GRUPO NIT DE ENSINO;4;1;71;;18;;;;;;68.75;51.76;;;;;98.70;1.30;0.00;De 61 a 90 alunos
2007;33;RJ;3303302;Niterói;33143668;COLEGIO PLINIO LEITE UNIDADE CAMBOINHAS;4;1;17;;10;;;;;;;;67.13;;;;87.80;9.80;2.40;De 1 a 30 alunos
2008;33;RJ;3303302;Niterói;33143668;COLEGIO PLINIO LEITE UNIDADE CAMBOINHAS;4;1;14;;12;;;;;;60.83;49.07;;;;;92.30;7.70;0.00;De 1 a 30 alunos
2005;33;RJ;3303302;Niterói;33143668;COLEGIO PLINIO LEITE UNIDADE CAMBOINHAS;4;1;30;;18;;;;;;;;59.75;;;;79.80;13.50;6.70;De 1 a 30 alunos
2005;33;RJ;3303302;Niterói;33143676;COLEGIO M3;4;1;88;;32;;;;;;;;63.88;;;;92.90;6.70;0.40;De 61 a 90 alunos
2007;33;RJ;3303302;Niterói;33143676;COLEGIO M3;4;1;150;;65;;;;;;;;71.76;;;;77.30;22.70;0.00;Maior que 90 alunos
2006;33;RJ;3303302;Niterói;33143676;COLEGIO M3;4;1;126;;49;;;;;;;;62.34;;;;;;;Maior que 90 alunos
2008;33;RJ;3303302;Niterói;33143676;COLEGIO M3;4;1;132;;81;;;;;;70.41;58.53;;;;;79.50;20.50;0.00;Maior que 90 alunos
2005;33;RJ;3303302;Niterói;33143862;CURSO RIACHUELO;4;1;88;;25;;;;;;;;61.92;;;;;;;De 61 a 90 alunos
2008;33;RJ;3303302;Niterói;33143862;CURSO RIACHUELO;4;1;78;;37;;;;;;69.39;59.25;;;;;97.80;2.20;0.00;De 61 a 90 alunos
2007;33;RJ;3303302;Niterói;33143862;CURSO RIACHUELO;4;1;89;;13;;;;;;;;66.54;;;;96.30;3.70;0.00;De 61 a 90 alunos
2007;33;RJ;3303302;Niterói;33150931;COLEGIO E CURSO PONTO DE ENSINO;4;1;144;;144;;;;;;;;71.31;;;;94.20;4.50;1.30;Maior que 90 alunos
2008;33;RJ;3303302;Niterói;33150931;COLEGIO E CURSO PONTO DE ENSINO;4;1;171;;26;;;;;;73.08;63.8;;;;;96.40;3.60;0.00;Maior que 90 alunos
2008;33;RJ;3303302;Niterói;33153442;VOLTAIRE COLEGIO E VESTIBULARES;4;1;58;;31;;;;;;62.98;53.92;;;;;87.50;12.00;0.50;De 31 a 60 alunos
2007;33;RJ;3303302;Niterói;33153442;VOLTAIRE COLEGIO E VESTIBULARES;4;1;71;;28;;;;;;;;61.76;;;;79.20;18.20;2.60;De 61 a 90 alunos
2006;33;RJ;3303302;Niterói;33153442;VOLTAIRE COLEGIO E VESTIBULARES;4;1;35;;16;;;;;;;;55.22;;;;;;;De 31 a 60 alunos
2008;33;RJ;3303302;Niterói;33153450;COLEGIO PH;4;1;154;;130;;;;;;76.63;72.34;;;;;91.80;8.20;0.00;Maior que 90 alunos
2008;33;RJ;3303302;Niterói;33155216;COLEGIO PEDRO II UNIDADE ESCOLAR DESCENTRALIZADA DE NITEROI;1;1;155;;151;;;;;;69.17;61.97;;;;;90.90;9.10;0.00;Maior que 90 alunos
2008;33;RJ;3303302;Niterói;33155259;ISJB - INSPETORIA SAO JOAO BOSCO;4;1;67;;55;;;;;;55.23;40.66;;;;;93.80;5.00;1.20;De 61 a 90 alunos
2009;33;RJ;3303302;Niterói;33055343;CENTRO EDUC DE NITEROI;4;1;27;;27;100.00;636.1;653.64;641.16;630.37;651.00;;;;;;98.00;2.00;0.00;De 1 a 30 alunos
2010;33;RJ;3303302;Niterói;33055343;CENTRO EDUC DE NITEROI;4;1;38;;32;84.20;551.04;614.24;589.46;621.12;655.65;;;;;;92.90;6.20;0.90;De 31 a 60 alunos
2011;33;RJ;3303302;Niterói;33055343;CENTRO EDUC DE NITEROI;4;1;40;;32;80.00;563.74;565.83;598.37;669.33;663.75;;;;;;90.30;9.70;0.00;De 31 a 60 alunos
2013;33;RJ;3303302;Niterói;33055343;CENTRO EDUC DE NITEROI;4;1;56;0;52;92.86;553.73;604.35;578.53;600.32;633.46;;;;88.40;;92.40;7.60;0.00;De 31 a 60 alunos
2014;33;RJ;3303302;Niterói;33055343;CENTRO EDUC DE NITEROI;4;1;42;0;40;95.24;543.31;611.19;563.4;535.33;628.00;;;;91.30;80.00;92.40;7.60;0.00;De 31 a 60 alunos
2015;33;RJ;3303302;Niterói;33055343;CENTRO EDUC DE NITEROI;4;1;59;1;57;96.61;522.38;605.56;551.36;526.89;637.89;;;Grupo 6;86.00;73.68;95.50;4.50;0.00;De 31 a 60 alunos
2009;33;RJ;3303302;Niterói;33055378;CENTRO EDUCACIONAL SHALON;4;1;35;;21;42.40;496.72;461.25;480.47;491.5;555.95;;;;;;91.70;7.10;1.20;De 31 a 60 alunos
2010;33;RJ;3303302;Niterói;33055378;CENTRO EDUCACIONAL SHALON;4;1;29;;19;54.90;467.49;502.23;504.99;491.86;553.95;;;;;;73.60;26.40;0.00;De 1 a 30 alunos
2013;33;RJ;3303302;Niterói;33055378;CENTRO EDUCACIONAL SHALON;4;1;24;0;21;87.50;479.96;519.08;499.52;522.78;586.67;;;;55.10;;60.90;39.10;0.00;De 1 a 30 alunos
2014;33;RJ;3303302;Niterói;33055378;CENTRO EDUCACIONAL SHALON;4;1;30;0;29;96.67;503.76;577.01;545.69;515.46;588.97;;;;64.20;51.72;76.50;23.50;0.00;De 1 a 30 alunos
2015;33;RJ;3303302;Niterói;33055378;CENTRO EDUCACIONAL SHALON;4;1;30;0;27;90.00;528.11;603.31;549.61;495.43;604.44;;;Grupo 4;51.10;85.19;76.60;23.40;0.00;De 1 a 30 alunos
2009;33;RJ;3303302;Niterói;33055408;EQUIPE 1 VESTIBULAR E COLEGIO;4;1;16;;12;54.30;474.03;486.88;491.88;470.38;547.92;;;;;;98.00;2.00;0.00;De 1 a 30 alunos
2015;33;RJ;3303302;Niterói;33055459;CENTRO MODERNO ALZIRA BITTENCOURT;4;1;16;0;16;100.00;537.37;620.8;582.82;534.51;637.50;;;Grupo 5;48.70;31.25;;;;De 1 a 30 alunos
2013;33;RJ;3303302;Niterói;33055483;COLEGIO UNIVERSITARIO PROFº GERALDO ACHILLES DOS REIS;1;1;22;0;20;90.91;536.33;603.14;573.66;582.3;727.00;;;;63.40;;96.30;3.70;0.00;De 1 a 30 alunos
2014;33;RJ;3303302;Niterói;33055483;COLEGIO UNIVERSITARIO PROFº GERALDO ACHILLES DOS REIS;1;1;28;0;26;92.86;526.82;590.14;545.94;538.9;675.38;;;;73.90;80.77;75.90;24.10;0.00;De 1 a 30 alunos
2015;33;RJ;3303302;Niterói;33055483;COLEGIO UNIVERSITARIO PROFº GERALDO ACHILLES DOS REIS;1;1;26;0;25;96.15;514.35;604.19;555;477.08;683.20;;;Grupo 4;91.90;92.00;80.00;17.30;2.70;De 1 a 30 alunos
2009;33;RJ;3303302;Niterói;33055610;C E AURELINO LEAL;2;1;293;;169;54.40;491.89;493.75;497.95;493.37;607.36;;;;;;74.80;15.20;10.00;Maior que 90 alunos
2010;33;RJ;3303302;Niterói;33055610;CE AURELINO LEAL;2;1;274;;127;43.40;482.99;537.98;529.97;521.87;617.60;;;;;;74.40;6.80;18.80;Maior que 90 alunos
2011;33;RJ;3303302;Niterói;33055610;CE AURELINO LEAL;2;1;259;;147;56.76;451.88;473.76;529.35;508.49;565.99;;;;;;67.00;28.70;4.30;Maior que 90 alunos
2012;33;RJ;3303302;Niterói;33055610;CE AURELINO LEAL;2;1;311;;184;59.16;461.92;518.31;493.28;514.57;510.65;;;;;;84.80;11.00;4.20;Maior que 90 alunos
2013;33;RJ;3303302;Niterói;33055610;CE AURELINO LEAL;2;1;276;2;206;74.64;462.77;509.03;496.36;503.99;563.69;;;;70.20;;89.00;8.40;2.60;Maior que 90 alunos
2014;33;RJ;3303302;Niterói;33055610;CE AURELINO LEAL;2;1;295;4;225;76.27;464.28;540.36;512.04;459.07;480.50;;;;65.70;70.22;78.00;19.50;2.50;Maior que 90 alunos
2015;33;RJ;3303302;Niterói;33055610;CE AURELINO LEAL;2;1;304;1;224;73.68;460.96;552.45;502.73;456.21;533.48;;;Grupo 3;72.50;83.04;72.40;23.90;3.70;Maior que 90 alunos
2009;33;RJ;3303302;Niterói;33055629;C E BALTAZAR BERNARDINO;2;1;15;;10;15.50;436.8;464.05;440.04;460.92;;;;;;;43.70;31.00;25.30;De 1 a 30 alunos
2010;33;RJ;3303302;Niterói;33055629;CE BALTAZAR BERNARDINO;2;1;17;;12;12.70;445.15;495.51;503.39;491.92;520.45;;;;;;50.60;21.00;28.40;De 1 a 30 alunos
2014;33;RJ;3303302;Niterói;33055629;CE BALTAZAR BERNARDINO;2;1;22;0;13;59.09;478.29;542.45;504.12;429.74;410.77;;;;86.20;76.92;77.70;17.70;4.60;De 1 a 30 alunos
2015;33;RJ;3303302;Niterói;33055629;CE BALTAZAR BERNARDINO;2;1;25;0;19;76.00;433.44;554.18;503.64;448.09;473.68;;;Grupo 4;68.60;84.21;59.70;26.70;13.60;De 1 a 30 alunos
2009;33;RJ;3303302;Niterói;33055637;C E BRIGADEIRO CASTRIOTO;2;1;14;;12;21.20;437.11;462.83;427.33;459.67;606.25;;;;;;88.50;11.50;0.00;De 1 a 30 alunos
2010;33;RJ;3303302;Niterói;33055637;CE BRIGADEIRO CASTRIOTO;2;1;19;;10;17.90;455.89;497.38;510.41;517.77;;;;;;;78.70;21.30;0.00;De 1 a 30 alunos
2012;33;RJ;3303302;Niterói;33055645;CE CIZINIO SOARES PINTO;2;1;17;;17;100.00;433.72;525.98;480.53;453.32;460.00;;;;;;84.10;6.50;9.40;De 1 a 30 alunos
2013;33;RJ;3303302;Niterói;33055645;CE CIZINIO SOARES PINTO;2;1;18;0;10;55.56;451.62;496.93;469.06;451.09;438.00;;;;55.40;;82.90;10.30;6.80;De 1 a 30 alunos
2014;33;RJ;3303302;Niterói;33055645;CE CIZINIO SOARES PINTO;2;1;25;0;14;56.00;468.19;539.85;486.72;421.06;522.86;;;;64.60;92.86;89.10;3.90;7.00;De 1 a 30 alunos
2015;33;RJ;3303302;Niterói;33055645;CE CIZINIO SOARES PINTO;2;1;26;0;15;57.69;426.64;510.71;472.98;463.81;472.00;;;Grupo 4;58.40;80.00;82.60;12.10;5.30;De 1 a 30 alunos
2009;33;RJ;3303302;Niterói;33055653;C E CONSELHEIRO MACEDO SOARES;2;1;63;;31;20.90;451.54;479.75;469.79;465.14;559.17;;;;;;54.70;40.70;4.60;De 61 a 90 alunos
2010;33;RJ;3303302;Niterói;33055653;CE CONSELHEIRO MACEDO SOARES;2;1;122;;34;20.90;465.98;527.53;510.07;483.14;569.70;;;;;;73.40;17.50;9.10;Maior que 90 alunos
2012;33;RJ;3303302;Niterói;33055653;CE CONSELHEIRO MACEDO SOARES;2;1;60;;38;63.33;444.96;497.69;462.41;460.41;451.05;;;;;;65.50;17.80;16.70;De 31 a 60 alunos
2013;33;RJ;3303302;Niterói;33055653;CE CONSELHEIRO MACEDO SOARES;2;1;67;0;41;61.19;461.52;518.06;506.29;488.72;534.63;;;;66.90;;71.80;21.80;6.40;De 61 a 90 alunos
2014;33;RJ;3303302;Niterói;33055653;CE CONSELHEIRO MACEDO SOARES;2;1;74;0;50;67.57;470.65;526.32;505.95;442.67;496.80;;;;67.00;82.00;69.60;30.40;0.00;De 61 a 90 alunos
2015;33;RJ;3303302;Niterói;33055653;CE CONSELHEIRO MACEDO SOARES;2;1;94;0;69;73.40;465.02;554.08;512.13;462.64;523.93;;;Grupo 3;72.30;78.26;82.40;17.60;0.00;Maior que 90 alunos
2015;33;RJ;3303302;Niterói;33055661;CE DOUTOR LUCIANO PESTRE;2;1;20;0;16;80.00;442.41;524.81;463.38;408.55;402.50;;;Grupo 3;66.70;87.50;63.10;24.30;12.60;De 1 a 30 alunos
2009;33;RJ;3303302;Niterói;33055670;C E FERNANDO MAGALHAES;2;1;36;;19;52.80;513.49;520.1;520.89;517.01;623.68;;;;;;73.00;21.40;5.60;De 31 a 60 alunos
2010;33;RJ;3303302;Niterói;33055670;CE FERNANDO MAGALHAES;2;1;40;;29;72.50;472.28;515.01;505.33;488.46;605.56;;;;;;74.70;14.20;11.10;De 31 a 60 alunos
2011;33;RJ;3303302;Niterói;33055670;CE FERNANDO MAGALHAES;2;1;41;;25;60.98;471.37;473.01;534.07;545.44;520.00;;;;;;57.70;31.10;11.20;De 31 a 60 alunos
2013;33;RJ;3303302;Niterói;33055670;CE FERNANDO MAGALHAES;2;1;29;0;23;79.31;487.96;514.5;504.3;512.22;563.48;;;;30.30;;79.20;16.00;4.80;De 1 a 30 alunos
2014;33;RJ;3303302;Niterói;33055670;CE FERNANDO MAGALHAES;2;1;33;0;25;75.76;480.33;540.36;525.25;486.28;504.80;;;;24.60;96.00;81.30;18.70;0.00;De 31 a 60 alunos
2015;33;RJ;3303302;Niterói;33055670;CE FERNANDO MAGALHAES;2;1;29;0;20;68.97;482.65;578.91;533.97;481.97;620.00;;;Grupo 3;30.00;95.00;71.30;26.30;2.40;De 1 a 30 alunos
2010;33;RJ;3303302;Niterói;33055696;CE GUILHERME BRIGGS;2;1;24;;11;22.20;458.54;500.87;468.06;506.75;540.00;;;;;;79.00;1.40;19.60;De 1 a 30 alunos
2013;33;RJ;3303302;Niterói;33055696;CE GUILHERME BRIGGS;2;1;35;1;25;71.43;477.86;479.48;477.4;479.82;520.00;;;;70.60;;83.10;9.20;7.70;De 31 a 60 alunos
2014;33;RJ;3303302;Niterói;33055696;CE GUILHERME BRIGGS;2;1;36;6;26;72.22;464.59;530.12;485.95;432.56;466.92;;;;79.10;84.62;86.60;11.70;1.70;De 31 a 60 alunos
2015;33;RJ;3303302;Niterói;33055696;CE GUILHERME BRIGGS;2;1;51;10;29;56.86;458.22;556.91;501.11;423.1;586.90;;;Grupo 4;73.40;82.76;88.40;7.50;4.10;De 31 a 60 alunos
2009;33;RJ;3303302;Niterói;33055700;C E HILARIO RIBEIRO;2;1;118;;24;20.30;456.43;476.55;473.62;447.4;568.75;;;;;;62.70;17.50;19.80;Maior que 90 alunos
2010;33;RJ;3303302;Niterói;33055700;CE HILARIO RIBEIRO;2;1;96;;36;37.50;476.06;534.02;506.79;473.31;606.06;;;;;;71.70;13.40;14.90;Maior que 90 alunos
2012;33;RJ;3303302;Niterói;33055700;CE HILARIO RIBEIRO;2;1;79;;45;56.96;442.47;496.12;468.46;482.73;473.78;;;;;;72.90;19.00;8.10;De 61 a 90 alunos
2013;33;RJ;3303302;Niterói;33055700;CE HILARIO RIBEIRO;2;1;54;0;33;61.11;446.96;461.08;456.17;443;501.82;;;;54.70;;69.60;22.90;7.50;De 31 a 60 alunos
2015;33;RJ;3303302;Niterói;33055700;CE HILARIO RIBEIRO;2;1;33;1;23;69.70;434.74;513.39;489.64;442.05;506.35;;;Grupo 3;57.10;52.17;78.70;17.10;4.20;De 31 a 60 alunos
2009;33;RJ;3303302;Niterói;33055726;C E JOAQUIM TAVORA;2;1;104;;55;30.90;489.38;515.71;509.68;492.55;550.00;;;;;;51.00;28.70;20.30;Maior que 90 alunos
2010;33;RJ;3303302;Niterói;33055726;CE JOAQUIM TAVORA;2;1;113;;53;26.70;459.94;502.39;508.27;475.96;574.00;;;;;;56.70;37.60;5.70;Maior que 90 alunos
2011;33;RJ;3303302;Niterói;33055726;CE JOAQUIM TAVORA;2;1;90;;45;50.00;453.44;477.67;530.78;494;552.00;;;;;;58.50;39.80;1.70;De 61 a 90 alunos
2013;33;RJ;3303302;Niterói;33055726;CE JOAQUIM TAVORA;2;1;86;1;59;68.60;455.1;500.17;486.33;488.95;527.12;;;;38.60;;75.20;18.40;6.40;De 61 a 90 alunos
2014;33;RJ;3303302;Niterói;33055726;CE JOAQUIM TAVORA;2;1;79;0;62;78.48;474.39;544.55;504.57;450.16;453.87;;;;34.40;72.58;69.90;26.00;4.10;De 61 a 90 alunos
2015;33;RJ;3303302;Niterói;33055726;CE JOAQUIM TAVORA;2;1;80;1;58;72.50;478.72;557.15;506.41;461.43;579.31;;;Grupo 3;63.70;60.34;77.20;19.50;3.30;De 61 a 90 alunos
2009;33;RJ;3303302;Niterói;33055734;COLEGIO ESTADUAL MACHADO DE ASSIS;2;1;68;;37;32.60;463;496.2;500.23;474.59;531.25;;;;;;63.60;36.40;0.00;De 61 a 90 alunos
2010;33;RJ;3303302;Niterói;33055734;CE MACHADO DE ASSIS;2;1;57;;30;30.40;476.59;509.81;500.4;487.99;562.07;;;;;;69.90;22.50;7.60;De 31 a 60 alunos
2011;33;RJ;3303302;Niterói;33055734;CE MACHADO DE ASSIS;2;1;74;;41;55.41;446.06;482.54;522.7;492.77;504.88;;;;;;62.50;33.80;3.70;De 61 a 90 alunos
2012;33;RJ;3303302;Niterói;33055734;CE MACHADO DE ASSIS;2;1;60;;55;91.67;459.39;511.35;475.11;492.39;478.55;;;;;;67.90;25.90;6.20;De 31 a 60 alunos
2013;33;RJ;3303302;Niterói;33055734;CE MACHADO DE ASSIS;2;1;61;0;38;62.30;445.56;491.18;472.59;523;499.37;;;;82.90;;87.20;12.80;0.00;De 61 a 90 alunos
2014;33;RJ;3303302;Niterói;33055734;CE MACHADO DE ASSIS;2;1;63;0;41;65.08;464.65;532.34;512.99;443.45;511.22;;;;81.30;85.37;75.60;19.70;4.70;De 61 a 90 alunos
2015;33;RJ;3303302;Niterói;33055734;CE MACHADO DE ASSIS;2;1;70;0;48;68.57;450.23;548.53;490.72;433.1;490.42;;;Grupo 3;81.10;79.17;77.70;15.70;6.60;De 61 a 90 alunos
2012;33;RJ;3303302;Niterói;33055742;CE MULLULO DA VEIGA;2;1;21;;18;85.71;437.66;502.01;464.19;482.67;474.44;;;;;;73.40;13.80;12.80;De 1 a 30 alunos
2013;33;RJ;3303302;Niterói;33055742;CE MULLULO DA VEIGA;2;1;21;0;13;61.90;435.21;453.91;469.33;439.96;420.00;;;;85.20;;60.00;30.00;10.00;De 1 a 30 alunos
2014;33;RJ;3303302;Niterói;33055742;CE MULLULO DA VEIGA;2;1;26;0;15;57.69;471.36;486.35;486.31;416.79;456.00;;;;70.60;53.33;61.20;26.40;12.40;De 1 a 30 alunos
2009;33;RJ;3303302;Niterói;33055750;C E PAULO ASSIS RIBEIRO;2;1;164;;43;24.90;464.33;468.97;485.09;483.11;545.83;;;;;;56.50;29.50;14.00;Maior que 90 alunos
2010;33;RJ;3303302;Niterói;33055750;CE PAULO ASSIS RIBEIRO;2;1;131;;47;31.60;466.26;528.18;506.37;477.49;572.09;;;;;;58.40;24.30;17.30;Maior que 90 alunos
2013;33;RJ;3303302;Niterói;33055750;CE PAULO ASSIS RIBEIRO;2;1;127;0;77;60.63;458.09;491.57;473.65;498.11;496.36;;;;63.90;;69.60;16.00;14.40;Maior que 90 alunos
2014;33;RJ;3303302;Niterói;33055750;CE PAULO ASSIS RIBEIRO;2;1;136;0;86;63.24;472.72;532.03;507.62;454.58;476.98;;;;54.20;76.74;70.10;18.80;11.10;Maior que 90 alunos
2015;33;RJ;3303302;Niterói;33055750;CE PAULO ASSIS RIBEIRO;2;1;164;0;103;62.80;464.51;554.31;499.52;464.52;533.20;;;Grupo 3;66.30;75.73;73.60;17.60;8.80;Maior que 90 alunos
2009;33;RJ;3303302;Niterói;33055769;C E RAUL VIDAL;2;1;182;;44;24.20;465.28;484.03;492.89;472.05;576.74;;;;;;49.90;34.50;15.60;Maior que 90 alunos
2010;33;RJ;3303302;Niterói;33055769;CE RAUL VIDAL;2;1;188;;52;27.70;451.69;517.29;498.36;457.32;563.00;;;;;;52.10;38.20;9.70;Maior que 90 alunos
2013;33;RJ;3303302;Niterói;33055769;CE RAUL VIDAL;2;1;158;0;93;58.86;462.66;511.24;497.63;501.16;523.23;;;;54.10;;75.80;14.90;9.30;Maior que 90 alunos
2014;33;RJ;3303302;Niterói;33055769;CE RAUL VIDAL;2;1;139;0;76;54.68;464.66;545.14;511.38;448.66;476.32;;;;67.00;63.16;52.40;37.40;10.20;Maior que 90 alunos
2015;33;RJ;3303302;Niterói;33055769;CE RAUL VIDAL;2;1;98;0;62;63.27;473.28;560.05;517.96;463.57;550.00;;;Grupo 3;52.50;45.16;67.40;26.20;6.40;Maior que 90 alunos
2009;33;RJ;3303302;Niterói;33055785;C E ZULEIKA RAPOSO VALLADARES;2;1;157;;24;12.10;490.37;455.08;486.8;497.25;532.61;;;;;;49.40;30.50;20.10;Maior que 90 alunos
2010;33;RJ;3303302;Niterói;33055785;CE ZULEIKA RAPOSO VALLADARES;2;1;81;;11;12.30;470.88;548.45;540.39;505.56;602.27;;;;;;53.20;27.40;19.40;De 61 a 90 alunos
2013;33;RJ;3303302;Niterói;33055785;CE ZULEIKA RAPOSO VALLADARES;2;1;26;0;18;69.23;466.03;483.06;473.66;506.06;486.67;;;;83.50;;80.50;11.00;8.50;De 1 a 30 alunos
2015;33;RJ;3303302;Niterói;33055785;CE ZULEIKA RAPOSO VALLADARES;2;1;47;0;28;59.57;465.13;540.51;493.6;464.07;497.14;;;Grupo 4;58.80;67.86;85.80;9.90;4.30;De 31 a 60 alunos
2009;33;RJ;3303302;Niterói;33055815;COL INST SAO JOSE;4;1;42;;38;90.50;526.07;543.76;533.62;520.41;588.82;;;;;;89.80;8.30;1.90;De 31 a 60 alunos
2010;33;RJ;3303302;Niterói;33055815;COL INST SAO JOSE;4;1;27;;24;88.90;527.68;615.61;578.95;600.15;642.71;;;;;;83.50;16.50;0.00;De 1 a 30 alunos
2012;33;RJ;3303302;Niterói;33055815;COL INST SAO JOSE;4;1;27;;25;92.59;528.8;592.5;553.68;599.64;649.60;;;;;;83.00;17.00;0.00;De 1 a 30 alunos
2013;33;RJ;3303302;Niterói;33055815;COL INST SAO JOSE;4;1;28;0;27;96.43;524.96;570.59;526.82;594.34;605.19;;;;75.50;;87.50;12.50;0.00;De 1 a 30 alunos
2014;33;RJ;3303302;Niterói;33055815;COL INST SAO JOSE;4;1;28;0;25;89.29;518.91;598.67;542.89;527.82;608.00;;;;69.60;64.00;87.40;12.60;0.00;De 1 a 30 alunos
2015;33;RJ;3303302;Niterói;33055815;COL INST SAO JOSE;4;1;32;0;31;96.88;525.75;630.28;567.93;526.77;712.26;;;Grupo 5;70.80;77.42;88.10;11.90;0.00;De 31 a 60 alunos
2009;33;RJ;3303302;Niterói;33055831;COLEGIO ITAPUCA - SANTA ROSA;4;1;20;;18;90.00;549.59;575.71;591.03;530.56;590.28;;;;;;63.60;36.40;0.00;De 1 a 30 alunos
2012;33;RJ;3303302;Niterói;33055831;COLEGIO ITAPUCA - SANTA ROSA;4;1;21;;21;100.00;533.05;573.68;551.49;640;637.14;;;;;;77.90;22.10;0.00;De 1 a 30 alunos
2013;33;RJ;3303302;Niterói;33055831;COLEGIO ITAPUCA - SANTA ROSA;4;1;16;0;15;93.75;538.26;583.71;565.77;592.13;632.00;;;;88.90;;90.90;9.10;0.00;De 1 a 30 alunos
2009;33;RJ;3303302;Niterói;33055866;COL MARILIA MATTOSO;4;1;39;;39;100.00;679.73;683.8;653.74;713.64;730.13;;;;;;78.40;21.60;0.00;De 31 a 60 alunos
2010;33;RJ;3303302;Niterói;33055866;COL MARILIA MATTOSO;4;1;27;;28;100.00;642.93;703.4;646.26;754.15;731.25;;;;;;78.00;22.00;0.00;De 1 a 30 alunos
2011;33;RJ;3303302;Niterói;33055866;COL MARILIA MATTOSO;4;1;35;;21;60.00;619.57;601.11;624.91;715.57;691.67;;;;;;82.80;17.20;0.00;De 31 a 60 alunos
2012;33;RJ;3303302;Niterói;33055866;COL MARILIA MATTOSO;4;1;24;;24;100.00;641.58;685.76;597.17;732.37;699.17;;;;;;77.10;22.90;0.00;De 1 a 30 alunos
2013;33;RJ;3303302;Niterói;33055866;COL MARILIA MATTOSO;4;1;29;0;29;100.00;641.07;663.28;595.87;722.7;693.10;;;;60.00;;85.70;14.30;0.00;De 1 a 30 alunos
2014;33;RJ;3303302;Niterói;33055866;COL MARILIA MATTOSO;4;1;24;0;24;100.00;665.33;676.62;626.75;732.59;750.00;;;;70.80;95.83;84.50;15.50;0.00;De 1 a 30 alunos
2015;33;RJ;3303302;Niterói;33055866;COL MARILIA MATTOSO;4;1;22;0;22;100.00;646.47;662.06;618.74;735.86;721.82;;;Grupo 6;62.50;100.00;93.60;6.40;0.00;De 1 a 30 alunos
2009;33;RJ;3303302;Niterói;33055874;COL MONSENHOR RAEDER;4;1;27;;19;70.40;536.87;537.44;525.68;511.72;639.47;;;;;;85.20;14.80;0.00;De 1 a 30 alunos
2013;33;RJ;3303302;Niterói;33055874;COL MONSENHOR RAEDER;4;1;14;0;11;78.57;499.53;530.14;504.61;571.06;620.00;;;;74.40;;90.40;9.60;0.00;De 1 a 30 alunos
2014;33;RJ;3303302;Niterói;33055874;COL MONSENHOR RAEDER;4;1;18;0;18;100.00;529.54;575.27;531.09;483.82;626.67;;;;73.00;83.33;96.90;3.10;0.00;De 1 a 30 alunos
2015;33;RJ;3303302;Niterói;33055874;COL MONSENHOR RAEDER;4;1;18;0;14;77.78;481.59;579.31;523.29;473.5;591.43;;;Grupo 4;70.00;92.86;92.80;6.00;1.20;De 1 a 30 alunos
2009;33;RJ;3303302;Niterói;33055882;COLEGIO NOSSA SENHORA DA ASSUNCAO;4;1;28;;25;89.30;603.17;635.52;632.84;583.65;695.83;;;;;;89.40;10.60;0.00;De 1 a 30 alunos
2010;33;RJ;3303302;Niterói;33055882;COLEGIO NOSSA SENHORA DA ASSUNCAO;4;1;53;;50;94.30;578.63;655.86;611.54;636.66;666.00;;;;;;93.20;6.80;0.00;De 31 a 60 alunos
2011;33;RJ;3303302;Niterói;33055882;COLEGIO NOSSA SENHORA DA ASSUNCAO;4;1;63;;51;80.95;566.57;581.21;609.82;670.51;671.76;;;;;;65.10;34.90;0.00;De 61 a 90 alunos
2012;33;RJ;3303302;Niterói;33055882;COLEGIO NOSSA SENHORA DA ASSUNCAO;4;1;65;;62;95.38;577.05;634.49;578.21;660.57;681.48;;;;;;92.30;7.10;0.60;De 61 a 90 alunos
2013;33;RJ;3303302;Niterói;33055882;COLEGIO NOSSA SENHORA DA ASSUNCAO;4;1;52;0;46;88.46;569.72;625.6;590.62;659.25;667.39;;;;67.80;;78.60;20.90;0.50;De 31 a 60 alunos
2014;33;RJ;3303302;Niterói;33055882;COLEGIO NOSSA SENHORA DA ASSUNCAO;4;1;64;0;60;93.75;563.89;638.65;591.76;588.4;682.67;;;;74.40;71.67;78.20;21.80;0.00;De 61 a 90 alunos
2015;33;RJ;3303302;Niterói;33055882;COLEGIO NOSSA SENHORA DA ASSUNCAO;4;1;63;1;60;95.24;577.71;639.96;581;631.38;684.67;;;Grupo 6;73.50;85.00;89.40;10.60;0.00;De 61 a 90 alunos
2009;33;RJ;3303302;Niterói;33055890;COL NS DAS MERCES;4;1;34;;29;85.30;594.88;598.33;612.76;583.24;646.43;;;;;;74.50;25.50;0.00;De 31 a 60 alunos
2010;33;RJ;3303302;Niterói;33055890;COL NS DAS MERCES;4;1;33;;28;84.80;572.55;635.67;603.51;643.13;682.14;;;;;;81.00;19.00;0.00;De 31 a 60 alunos
2011;33;RJ;3303302;Niterói;33055890;COL NS DAS MERCES;4;1;39;;29;74.36;580.09;570.26;609.41;652.52;634.48;;;;;;86.00;14.00;0.00;De 31 a 60 alunos
2013;33;RJ;3303302;Niterói;33055890;COL NS DAS MERCES;4;1;43;0;42;97.67;568.54;610.98;582.74;623.6;644.76;;;;92.60;;84.90;15.10;0.00;De 31 a 60 alunos
2014;33;RJ;3303302;Niterói;33055890;COL NS DAS MERCES;4;1;33;0;29;87.88;589.05;626.55;597.06;604.9;731.72;;;;88.70;79.31;69.80;30.20;0.00;De 31 a 60 alunos
2015;33;RJ;3303302;Niterói;33055890;COL NS DAS MERCES;4;1;40;0;37;92.50;576.67;630.41;594.58;565.24;718.38;;;Grupo 5;88.00;89.19;82.30;17.70;0.00;De 31 a 60 alunos
2009;33;RJ;3303302;Niterói;33055920;COLEGIO MV I ICARAI;4;1;81;;73;90.10;648.17;645.65;629.88;652.55;682.61;;;;;;73.00;27.00;0.00;De 61 a 90 alunos
2010;33;RJ;3303302;Niterói;33055920;COLEGIO MV I ICARAI;4;1;76;;73;96.10;581.46;661.67;613.69;647.38;685.62;;;;;;75.90;24.10;0.00;De 61 a 90 alunos
2011;33;RJ;3303302;Niterói;33055920;COLEGIO MV I ICARAI;4;1;86;;56;65.12;582.94;587.61;614.24;663.54;664.29;;;;;;74.90;24.70;0.40;De 61 a 90 alunos
2012;33;RJ;3303302;Niterói;33055920;COLEGIO MV I ICARAI;4;1;79;;77;97.47;599.28;636.33;583.23;691.84;696.10;;;;;;70.00;30.00;0.00;De 61 a 90 alunos
2013;33;RJ;3303302;Niterói;33055920;COLEGIO MV I ICARAI;4;1;66;0;64;96.97;591.18;629.96;577.4;653.18;712.81;;;;75.50;;76.60;22.80;0.60;De 61 a 90 alunos
2014;33;RJ;3303302;Niterói;33055920;COLEGIO MV I ICARAI;4;1;47;0;45;95.74;579.77;632.47;586.97;585.03;714.67;;;;65.60;51.11;91.90;8.10;0.00;De 31 a 60 alunos
2015;33;RJ;3303302;Niterói;33055920;COLEGIO MV I ICARAI;4;1;38;0;37;97.37;546.83;622.23;582.26;575.04;702.70;;;Grupo 5;59.50;64.86;83.00;17.00;0.00;De 31 a 60 alunos
2009;33;RJ;3303302;Niterói;33055939;COLEGIO PLINIO LEITE;4;1;63;;58;92.10;546.98;555.68;538.11;528.89;628.51;;;;;;86.70;12.80;0.50;De 61 a 90 alunos
2010;33;RJ;3303302;Niterói;33055939;COLEGIO PLINIO LEITE;4;1;47;;47;100.00;535.56;595.74;578.13;592.62;673.40;;;;;;84.70;15.30;0.00;De 31 a 60 alunos
2011;33;RJ;3303302;Niterói;33055939;COLEGIO PLINIO LEITE;4;1;53;;45;84.91;544.55;538.13;586.55;631.25;655.56;;;;;;82.60;17.40;0.00;De 31 a 60 alunos
2012;33;RJ;3303302;Niterói;33055939;COLEGIO PLINIO LEITE;4;1;50;;49;98.00;544.9;588.7;545.58;621.58;665.31;;;;;;88.60;11.40;0.00;De 31 a 60 alunos
2013;33;RJ;3303302;Niterói;33055939;COLEGIO PLINIO LEITE;4;1;28;0;28;100.00;544.61;580.7;571.98;624.63;698.57;;;;68.50;;90.60;9.40;0.00;De 1 a 30 alunos
2014;33;RJ;3303302;Niterói;33055939;COLEGIO PLINIO LEITE;4;1;57;0;55;96.49;530.25;608.23;557.23;527.04;701.82;;;;70.70;87.27;94.00;6.00;0.00;De 31 a 60 alunos
2015;33;RJ;3303302;Niterói;33055939;COLEGIO PLINIO LEITE;4;1;47;0;46;97.87;535.44;612.67;559.97;535.14;751.74;;;Grupo 5;70.50;84.78;90.80;9.20;0.00;De 31 a 60 alunos
2009;33;RJ;3303302;Niterói;33055947;COLEGIO SALESIANO SANTA ROSA;4;1;279;;216;77.40;624.58;626.04;614.21;626.6;668.07;;;;;;91.40;8.50;0.10;Maior que 90 alunos
2010;33;RJ;3303302;Niterói;33055947;COLEGIO SALESIANO SANTA ROSA;4;1;216;;207;95.80;605.41;647.5;611.21;666.37;709.22;;;;;;86.00;13.90;0.10;Maior que 90 alunos
2011;33;RJ;3303302;Niterói;33055947;COLEGIO SALESIANO SANTA ROSA;4;1;208;;179;86.06;612.15;593.29;613.42;707.77;687.82;;;;;;94.10;5.90;0.00;Maior que 90 alunos
2012;33;RJ;3303302;Niterói;33055947;COLEGIO SALESIANO SANTA ROSA;4;1;212;;212;100.00;604.28;634.71;582.89;673.38;691.32;;;;;;91.90;8.10;0.00;Maior que 90 alunos
2013;33;RJ;3303302;Niterói;33055947;COLEGIO SALESIANO SANTA ROSA;4;1;171;0;165;96.49;613.87;636.3;589.89;664.8;695.03;;;;73.80;;92.70;7.30;0.00;Maior que 90 alunos
2014;33;RJ;3303302;Niterói;33055947;COLEGIO SALESIANO SANTA ROSA;4;1;182;0;176;96.70;590.53;622.1;582.91;616.22;682.52;;;;75.60;90.91;90.60;9.40;0.00;Maior que 90 alunos
2015;33;RJ;3303302;Niterói;33055947;COLEGIO SALESIANO SANTA ROSA;4;1;139;0;134;96.40;588.66;639.71;582.64;635.7;691.49;;;Grupo 6;72.60;82.84;87.00;13.00;0.00;Maior que 90 alunos
2009;33;RJ;3303302;Niterói;33055955;COL SAO VICENTE DE PAULO;4;1;147;;84;57.10;616.11;611.43;616.38;621.4;663.55;;;;;;83.00;17.00;0.00;Maior que 90 alunos
2010;33;RJ;3303302;Niterói;33055955;COL SAO VICENTE DE PAULO;4;1;95;;87;91.60;594.89;647.31;608.6;688.58;696.26;;;;;;90.40;9.60;0.00;Maior que 90 alunos
2011;33;RJ;3303302;Niterói;33055955;COL SAO VICENTE DE PAULO;4;1;92;;82;89.13;592.74;579.32;603.79;694.41;695.73;;;;;;90.30;9.70;0.00;Maior que 90 alunos
2013;33;RJ;3303302;Niterói;33055955;COL SAO VICENTE DE PAULO;4;1;80;0;76;95.00;598.54;634.01;587.15;665.35;679.74;;;;78.60;;89.10;10.90;0.00;De 61 a 90 alunos
2014;33;RJ;3303302;Niterói;33055955;COL SAO VICENTE DE PAULO;4;1;78;0;78;100.00;615.03;643.12;602.7;666.25;686.67;;;;85.40;91.03;88.90;11.10;0.00;De 61 a 90 alunos
2015;33;RJ;3303302;Niterói;33055955;COL SAO VICENTE DE PAULO;4;1;61;0;58;95.08;582.3;646.27;584.88;590.39;727.93;;;Grupo 6;85.90;86.21;90.60;9.40;0.00;De 61 a 90 alunos
2015;33;RJ;3303302;Niterói;33055980;COL VITAL BRASIL;4;1;15;0;10;66.67;488.02;572.21;532.5;441.52;558.00;;;Grupo 5;40.00;0.00;77.90;22.10;0.00;De 1 a 30 alunos
2009;33;RJ;3303302;Niterói;33055998;COLEGIO ARGUMENTO;4;1;57;;34;59.60;530.13;560.43;555.94;548.94;614.71;;;;;;88.60;10.50;0.90;De 31 a 60 alunos
2010;33;RJ;3303302;Niterói;33055998;COLEGIO ARGUMENTO;4;1;46;;42;91.30;509.18;573.97;556.44;552.47;605.36;;;;;;91.80;8.20;0.00;De 31 a 60 alunos
2011;33;RJ;3303302;Niterói;33055998;COLEGIO ARGUMENTO;4;1;54;;44;81.48;524.5;551.19;585.1;608.18;604.09;;;;;;88.20;10.80;1.00;De 31 a 60 alunos
2012;33;RJ;3303302;Niterói;33055998;COLEGIO ARGUMENTO;4;1;39;;38;97.44;531.96;570.08;550.26;583.76;566.32;;;;;;90.10;8.50;1.40;De 31 a 60 alunos
2013;33;RJ;3303302;Niterói;33055998;COLEGIO ARGUMENTO;4;1;37;0;34;91.89;530.04;579.86;546.17;558.35;620.00;;;;71.80;;86.20;12.30;1.50;De 31 a 60 alunos
2014;33;RJ;3303302;Niterói;33055998;COLEGIO ARGUMENTO;4;1;24;0;19;79.17;525.63;585.93;542.87;547.38;668.42;;;;86.40;10.53;75.90;22.20;1.90;De 1 a 30 alunos
2015;33;RJ;3303302;Niterói;33055998;COLEGIO ARGUMENTO;4;1;21;0;21;100.00;525.71;589.95;550.88;533.15;658.10;;;Grupo 5;89.70;4.76;48.60;51.40;0.00;De 1 a 30 alunos
2009;33;RJ;3303302;Niterói;33056021;CENTRO EDUC ALZIRA BITTENCOURT;4;1;18;;17;94.40;543.12;560.72;576.08;562.89;672.06;;;;;;75.30;24.70;0.00;De 1 a 30 alunos
2010;33;RJ;3303302;Niterói;33056021;CENTRO EDUC ALZIRA BITTENCOURT;4;1;26;;21;80.80;570.91;621.81;569.62;641.96;672.62;;;;;;70.70;29.30;0.00;De 1 a 30 alunos
2011;33;RJ;3303302;Niterói;33056021;CENTRO EDUC ALZIRA BITTENCOURT;4;1;23;;17;73.91;557.39;573.36;589.09;657.04;728.24;;;;;;62.90;37.10;0.00;De 1 a 30 alunos
2013;33;RJ;3303302;Niterói;33056021;CENTRO EDUC ALZIRA BITTENCOURT;4;1;53;0;48;90.57;534.37;593.3;566.14;595.67;603.33;;;;70.60;;82.40;17.60;0.00;De 31 a 60 alunos
2014;33;RJ;3303302;Niterói;33056021;CENTRO EDUC ALZIRA BITTENCOURT;4;1;48;0;43;89.58;523.92;592.01;561.53;554.95;595.81;;;;61.80;39.53;72.80;27.20;0.00;De 31 a 60 alunos
2015;33;RJ;3303302;Niterói;33056021;CENTRO EDUC ALZIRA BITTENCOURT;4;1;39;0;38;97.44;505.2;583.45;543.36;507.65;603.16;;;Grupo 5;70.60;76.32;68.30;31.00;0.70;De 31 a 60 alunos
2012;33;RJ;3303302;Niterói;33056358;CE CONSELHEIRO JOSINO;2;1;12;;11;91.67;427.06;467.54;468.33;462.18;385.45;;;;;;70.50;19.20;10.30;De 1 a 30 alunos
2015;33;RJ;3303302;Niterói;33056358;CE CONSELHEIRO JOSINO;2;1;15;0;11;73.33;456.38;514.66;468.15;424.41;445.45;;;Grupo 4;55.80;81.82;84.30;12.00;3.70;De 1 a 30 alunos
2011;33;RJ;3303302;Niterói;33056439;CE EMBAIXADOR RAUL FERNANDES;2;1;19;;10;52.63;424.21;431.62;487.47;471.14;510.00;;;;;;70.10;26.00;3.90;De 1 a 30 alunos
2012;33;RJ;3303302;Niterói;33056439;CE EMBAIXADOR RAUL FERNANDES;2;1;21;;13;61.90;449.78;516.28;512.04;500.02;449.23;;;;;;86.10;13.90;0.00;De 1 a 30 alunos
2014;33;RJ;3303302;Niterói;33056439;CE EMBAIXADOR RAUL FERNANDES;2;1;25;0;13;52.00;448.85;498.68;469.33;393.28;406.15;;;;72.70;76.92;73.80;26.20;0.00;De 1 a 30 alunos
2009;33;RJ;3303302;Niterói;33056471;C E JOSE BONIFACIO;2;1;30;;19;51.40;475.89;489.14;486.84;444.64;544.74;;;;;;67.90;17.20;14.90;De 1 a 30 alunos
2013;33;RJ;3303302;Niterói;33056471;CE JOSE BONIFACIO;2;1;36;0;24;66.67;452.09;489.65;461.95;476.88;474.17;;;;50.00;;75.00;19.70;5.30;De 31 a 60 alunos
2014;33;RJ;3303302;Niterói;33056471;CE JOSE BONIFACIO;2;1;28;0;19;67.86;473.06;529.58;502.96;436.24;434.74;;;;64.20;68.42;78.30;13.80;7.90;De 1 a 30 alunos
2015;33;RJ;3303302;Niterói;33056471;CE JOSE BONIFACIO;2;1;57;0;34;59.65;467.94;558.81;497.63;449.72;507.65;;;Grupo 3;62.70;67.65;80.30;18.40;1.30;De 31 a 60 alunos
2009;33;RJ;3303302;Niterói;33056480;C E LEOPOLDO FROES;2;1;94;;31;30.80;478.12;478.34;484.82;472.62;569.35;;;;;;67.40;18.80;13.80;Maior que 90 alunos
2010;33;RJ;3303302;Niterói;33056480;CE LEOPOLDO FROES;2;1;101;;43;42.60;457.47;509.86;490.2;438.27;598.26;;;;;;62.00;17.20;20.80;Maior que 90 alunos
2014;33;RJ;3303302;Niterói;33056480;CE LEOPOLDO FROES;2;1;78;0;47;60.26;461.12;526.15;499.14;423.08;459.15;;;;66.10;87.23;79.60;11.90;8.50;De 61 a 90 alunos
2015;33;RJ;3303302;Niterói;33056480;CE LEOPOLDO FROES;2;1;88;3;54;61.36;436.47;512.87;479.58;437.96;484.44;;;Grupo 3;83.30;87.04;94.50;5.00;0.50;De 61 a 90 alunos
2009;33;RJ;3303302;Niterói;33056498;C E MANUEL DE ABREU;2;1;191;;86;45.00;484.48;488.2;502.39;468.47;593.98;;;;;;71.50;18.70;9.80;Maior que 90 alunos
2010;33;RJ;3303302;Niterói;33056498;CE MANUEL DE ABREU;2;1;183;;94;51.40;477.76;512;517.12;491.69;592.61;;;;;;71.80;17.30;10.90;Maior que 90 alunos
2011;33;RJ;3303302;Niterói;33056498;CE MANUEL DE ABREU;2;1;187;;119;63.64;448.37;448.73;511.54;501.24;520.67;;;;;;80.20;13.20;6.60;Maior que 90 alunos
2012;33;RJ;3303302;Niterói;33056498;CE MANUEL DE ABREU;2;1;189;;133;70.37;465.66;514.15;489.87;506.5;512.78;;;;;;78.30;13.60;8.10;Maior que 90 alunos
2013;33;RJ;3303302;Niterói;33056498;CE MANUEL DE ABREU;2;1;185;1;108;58.38;465.56;504.79;488.65;496;532.22;;;;71.50;;85.00;10.00;5.00;Maior que 90 alunos
2014;33;RJ;3303302;Niterói;33056498;CE MANUEL DE ABREU;2;1;161;1;114;70.81;490.6;553.52;524.32;482.16;522.11;;;;74.10;74.56;82.30;14.10;3.60;Maior que 90 alunos
2015;33;RJ;3303302;Niterói;33056498;CE MANUEL DE ABREU;2;1;220;2;156;70.91;469.26;557.34;509.56;461.28;557.44;;;Grupo 4;71.80;79.49;81.90;15.40;2.70;Maior que 90 alunos
2009;33;RJ;3303302;Niterói;33056501;C E MARIA PEREIRA DAS NEVES;2;1;20;;10;31.90;413.24;439.46;413.12;428.61;;;;;;;75.00;14.10;10.90;De 1 a 30 alunos
2010;33;RJ;3303302;Niterói;33056501;CE MARIA PEREIRA DAS NEVES;2;1;20;;10;22.80;436.97;481.1;466.24;431.22;517.50;;;;;;73.60;9.90;16.50;De 1 a 30 alunos
2012;33;RJ;3303302;Niterói;33056501;CE MARIA PEREIRA DAS NEVES;2;1;21;;14;66.67;438.63;474.44;430.74;451.36;377.14;;;;;;70.50;23.20;6.30;De 1 a 30 alunos
2013;33;RJ;3303302;Niterói;33056501;CE MARIA PEREIRA DAS NEVES;2;1;15;0;10;66.67;440.1;507.68;488.08;488.54;492.00;;;;56.10;;78.60;13.60;7.80;De 1 a 30 alunos
2010;33;RJ;3303302;Niterói;33056560;EE PINTO LIMA;2;1;26;;21;22.80;470.25;557.72;528.5;523.8;663.75;;;;;;69.40;20.70;9.90;De 1 a 30 alunos
2011;33;RJ;3303302;Niterói;33056560;CE PINTO LIMA;2;1;20;;16;80.00;465.93;484.98;551.81;525.16;535.00;;;;;;77.50;12.40;10.10;De 1 a 30 alunos
2012;33;RJ;3303302;Niterói;33056560;CE PINTO LIMA;2;1;33;;32;96.97;446.78;508.62;474.28;454.86;463.75;;;;;;75.30;14.30;10.40;De 31 a 60 alunos
2013;33;RJ;3303302;Niterói;33056560;CE PINTO LIMA;2;1;38;0;23;60.53;452.01;492.4;471.18;506.9;512.17;;;;87.70;;69.60;25.40;5.00;De 31 a 60 alunos
2014;33;RJ;3303302;Niterói;33056560;CE PINTO LIMA;2;1;21;0;16;76.19;482.41;517.53;490.83;444.75;416.25;;;;89.40;81.25;60.10;24.20;15.70;De 1 a 30 alunos
2015;33;RJ;3303302;Niterói;33056560;CE PINTO LIMA;2;1;28;1;21;75.00;464.73;553.27;495.51;467.9;473.33;;;Grupo 3;78.20;71.43;72.10;22.90;5.00;De 1 a 30 alunos
2009;33;RJ;3303302;Niterói;33057010;E T E HENRIQUE LAGE;2;1;493;;269;54.60;552.06;557.67;559.31;541.47;600.86;;;;;;75.40;15.40;9.20;Maior que 90 alunos
2010;33;RJ;3303302;Niterói;33057010;E T E HENRIQUE LAGE;2;1;530;;321;60.60;537.37;597.15;566.99;590.41;626.13;;;;;;74.70;15.00;10.30;Maior que 90 alunos
2011;33;RJ;3303302;Niterói;33057010;E T E HENRIQUE LAGE;2;1;468;;338;72.22;523.88;536.08;572.35;616.72;590.00;;;;;;81.80;12.80;5.40;Maior que 90 alunos
2012;33;RJ;3303302;Niterói;33057010;E T E HENRIQUE LAGE;2;1;512;;346;67.58;530.76;589.11;545.74;619.69;606.24;;;;;;78.70;17.00;4.30;Maior que 90 alunos
2013;33;RJ;3303302;Niterói;33057010;E T E HENRIQUE LAGE;2;1;443;0;329;74.27;522.64;574.22;548.66;599.77;589.85;;;;80.40;;88.90;8.20;2.90;Maior que 90 alunos
2014;33;RJ;3303302;Niterói;33057010;E T E HENRIQUE LAGE;2;1;466;1;378;81.12;532.32;600.13;560.71;566.42;600.42;;;;75.00;95.24;82.40;10.60;7.00;Maior que 90 alunos
2015;33;RJ;3303302;Niterói;33057010;E T E HENRIQUE LAGE;2;1;481;1;423;87.94;518.03;607.95;555.92;551.61;599.57;;;Grupo 4;72.30;98.11;85.00;11.40;3.60;Maior que 90 alunos
2009;33;RJ;3303302;Niterói;33057109;INSTITUTO ABEL;4;1;319;;301;94.40;634.13;660.14;639.26;648.1;698.05;;;;;;92.30;7.70;0.00;Maior que 90 alunos
2010;33;RJ;3303302;Niterói;33057109;INSTITUTO ABEL;4;1;248;;253;100.00;606.73;679.22;627.45;697.39;716.70;;;;;;87.40;12.60;0.00;Maior que 90 alunos
2011;33;RJ;3303302;Niterói;33057109;COLEGIO LA SALLE ABEL;4;1;213;;190;89.20;607.7;606.08;627.15;731.43;684.00;;;;;;;;;Maior que 90 alunos
2012;33;RJ;3303302;Niterói;33057109;COLEGIO LA SALLE ABEL;4;1;220;;218;99.09;600.61;647.85;594.54;707.6;684.50;;;;;;94.40;5.60;0.00;Maior que 90 alunos
2013;33;RJ;3303302;Niterói;33057109;COLEGIO LA SALLE ABEL;4;1;198;0;194;97.98;592.6;648.41;590.42;672.42;741.65;;;;68.00;;94.00;6.00;0.00;Maior que 90 alunos
2014;33;RJ;3303302;Niterói;33057109;COLEGIO LA SALLE ABEL;4;1;230;0;226;98.26;601.29;650.07;600.94;676.24;763.89;;;;67.60;88.05;87.70;12.30;0.00;Maior que 90 alunos
2015;33;RJ;3303302;Niterói;33057109;COLEGIO LA SALLE ABEL;4;1;182;0;177;97.25;577.3;645.54;593.42;658.97;780.11;;;Grupo 6;72.50;83.05;91.30;8.70;0.00;Maior que 90 alunos
2009;33;RJ;3303302;Niterói;33057117;I E PROF ISMAEL COUTINHO;2;1;192;;36;18.80;502.25;520.74;555.17;465.91;607.64;;;;;;70.00;29.20;0.80;Maior que 90 alunos
2010;33;RJ;3303302;Niterói;33057117;IE PROFESSOR ISMAEL COUTINHO;2;1;180;;39;21.70;463.99;534.22;522.99;465.02;627.63;;;;;;67.40;16.30;16.30;Maior que 90 alunos
2012;33;RJ;3303302;Niterói;33057117;IE PROFESSOR ISMAEL COUTINHO;2;1;112;;59;52.68;426.05;508.06;487.79;466.9;537.63;;;;;;67.60;22.10;10.30;Maior que 90 alunos
2013;33;RJ;3303302;Niterói;33057117;IE PROFESSOR ISMAEL COUTINHO;2;1;62;4;40;64.52;454.61;493.88;483.74;478.12;575.25;;;;80.80;;71.60;17.70;10.70;De 61 a 90 alunos
2014;33;RJ;3303302;Niterói;33057117;IE PROFESSOR ISMAEL COUTINHO;2;1;55;0;37;67.27;473.5;541.01;523.14;442.89;553.51;;;;75.20;89.19;70.10;24.10;5.80;De 31 a 60 alunos
2015;33;RJ;3303302;Niterói;33057117;IE PROFESSOR ISMAEL COUTINHO;2;1;39;0;29;74.36;446.93;554.36;502.69;449.27;557.24;;;Grupo 3;75.00;86.21;69.80;27.40;2.80;De 31 a 60 alunos
2009;33;RJ;3303302;Niterói;33057176;INST EDUC TAURUS;4;1;21;;11;52.40;520.01;518.03;539.65;545.24;600.00;;;;;;94.60;3.60;1.80;De 1 a 30 alunos
2012;33;RJ;3303302;Niterói;33057176;INST EDUC TAURUS;4;1;12;;10;83.33;494.04;545.91;494.85;537.12;592.00;;;;;;76.90;17.30;5.80;De 1 a 30 alunos
2014;33;RJ;3303302;Niterói;33057176;INST EDUC TAURUS;4;1;16;0;15;93.75;505.1;576.59;510.39;494.79;538.67;;;;50.00;86.67;90.40;3.80;5.80;De 1 a 30 alunos
2015;33;RJ;3303302;Niterói;33057176;INST EDUC TAURUS;4;1;16;0;14;87.50;504.86;594.21;537.58;511.04;590.00;;;Grupo 3;54.30;71.43;85.00;12.50;2.50;De 1 a 30 alunos
2009;33;RJ;3303302;Niterói;33057206;INSTITUTO GAYLUSSAC - ENS FUNDAMENTAL E MEDIO;4;1;56;;52;92.90;683.21;674.83;654.31;725.5;725.00;;;;;;94.60;5.40;0.00;De 31 a 60 alunos
2010;33;RJ;3303302;Niterói;33057206;INSTITUTO GAYLUSSAC - ENS FUNDAMENTAL E MEDIO;4;1;46;;45;97.80;637.45;686.35;651.82;757.5;741.11;;;;;;89.70;9.70;0.60;De 31 a 60 alunos
2011;33;RJ;3303302;Niterói;33057206;INSTITUTO GAYLUSSAC - ENS FUNDAMENTAL E MEDIO;4;1;43;;43;100.00;650.04;621.72;640.56;772.24;726.51;;;;;;97.10;2.90;0.00;De 31 a 60 alunos
2012;33;RJ;3303302;Niterói;33057206;INSTITUTO GAYLUSSAC - ENS FUNDAMENTAL E MEDIO;4;1;40;;40;100.00;635.07;673.85;616.29;775.34;707.00;;;;;;95.10;4.90;0.00;De 31 a 60 alunos
2013;33;RJ;3303302;Niterói;33057206;INSTITUTO GAYLUSSAC - ENS FUNDAMENTAL E MEDIO;4;1;58;1;55;94.83;652.8;686.11;610.79;745.08;771.27;;;;88.00;;94.30;5.70;0.00;De 31 a 60 alunos
2014;33;RJ;3303302;Niterói;33057206;INSTITUTO GAYLUSSAC - ENS FUNDAMENTAL E MEDIO;4;1;56;0;56;100.00;666.48;676.06;625.76;780.6;763.57;;;;87.50;82.14;96.90;3.10;0.00;De 31 a 60 alunos
2015;33;RJ;3303302;Niterói;33057206;INSTITUTO GAYLUSSAC - ENS FUNDAMENTAL E MEDIO;4;1;74;0;72;97.30;642.83;681.78;622.21;766.24;821.11;;;Grupo 6;87.80;95.83;98.80;1.20;0.00;De 61 a 90 alunos
2015;33;RJ;3303302;Niterói;33057443;CENTRO DE ENS INT RABELLO AMIN JD ESC LAPIS DE COR;4;1;12;0;10;83.33;528.4;597.8;549.47;508.89;624.00;;;Grupo 4;35.70;40.00;66.70;31.10;2.20;De 1 a 30 alunos
2009;33;RJ;3303302;Niterói;33057508;LICEU NILO PECANHA;2;1;629;;305;48.50;499.15;514.11;516.46;483.42;589.32;;;;;;56.30;32.50;11.20;Maior que 90 alunos
2010;33;RJ;3303302;Niterói;33057508;LICEU NILO PECANHA;2;1;609;;401;65.80;493.72;554.25;545.73;531.07;616.67;;;;;;54.70;29.30;16.00;Maior que 90 alunos
2011;33;RJ;3303302;Niterói;33057508;LICEU NILO PECANHA;2;1;547;;285;52.10;483.41;496.85;546.21;552.84;583.51;;;;;;69.20;30.70;0.10;Maior que 90 alunos
2012;33;RJ;3303302;Niterói;33057508;LICEU NILO PECANHA;2;1;415;;361;86.99;480.48;544.09;512.64;530.56;558.01;;;;;;66.40;30.00;3.60;Maior que 90 alunos
2013;33;RJ;3303302;Niterói;33057508;LICEU NILO PECANHA;2;1;429;1;335;78.09;479.89;537.5;519.97;531.09;561.61;;;;60.10;;72.40;18.40;9.20;Maior que 90 alunos
2014;33;RJ;3303302;Niterói;33057508;LICEU NILO PECANHA;2;1;422;0;329;77.96;482.37;562.32;532.41;477.27;553.58;;;;84.60;60.79;75.30;21.40;3.30;Maior que 90 alunos
2015;33;RJ;3303302;Niterói;33057508;LICEU NILO PECANHA;2;1;392;0;334;85.20;478.67;566.66;522.34;474.9;578.80;;;Grupo 3;74.10;64.07;73.00;23.60;3.40;Maior que 90 alunos
2009;33;RJ;3303302;Niterói;33057702;C E PROFª ALCINA RODRIGUES LIMA;2;1;145;;35;24.10;497.46;513.99;514.95;489.58;636.36;;;;;;48.20;21.20;30.60;Maior que 90 alunos
2010;33;RJ;3303302;Niterói;33057702;CE PROFESSORA ALCINA RODRIGUES LIMA;2;1;146;;53;36.30;483.71;551.17;527.59;513.09;578.37;;;;;;55.40;20.40;24.20;Maior que 90 alunos
2013;33;RJ;3303302;Niterói;33057702;CE PROFESSORA ALCINA RODRIGUES LIMA;2;1;100;0;72;72.00;467.78;518.61;498.72;500.8;544.72;;;;87.00;;62.00;26.00;12.00;Maior que 90 alunos
2014;33;RJ;3303302;Niterói;33057702;CE PROFESSORA ALCINA RODRIGUES LIMA;2;1;100;1;59;59.00;470.58;551.7;509.5;476.88;535.25;;;;90.20;71.19;67.60;13.20;19.20;Maior que 90 alunos
2015;33;RJ;3303302;Niterói;33057702;CE PROFESSORA ALCINA RODRIGUES LIMA;2;1;93;1;70;75.27;479.78;559.1;508.01;471.8;539.29;;;Grupo 3;89.30;70.00;72.50;26.90;0.60;Maior que 90 alunos
2012;33;RJ;3303302;Niterói;33057729;COLEGIO CENECISTA ATHAYDE PARREIRAS;4;1;11;;10;90.91;492.99;552.45;508.18;504.99;556.00;;;;;;94.60;5.40;0.00;De 1 a 30 alunos
2015;33;RJ;3303302;Niterói;33057729;COLEGIO CENECISTA ATHAYDE PARREIRAS;4;1;13;0;13;100.00;470.56;572.85;500.74;469.64;513.85;;;Grupo 5;84.60;69.23;84.60;15.40;0.00;De 1 a 30 alunos
2009;33;RJ;3303302;Niterói;33057737;C E ALMTE TAMANDARE;2;1;12;;10;35.50;491.73;485.97;494.2;477.86;650.00;;;;;;69.30;28.40;2.30;De 1 a 30 alunos
2010;33;RJ;3303302;Niterói;33057737;CE ALMIRANTE TAMANDARE;2;1;25;;15;28.20;449.17;498.52;472.34;445.59;583.33;;;;;;43.60;44.70;11.70;De 1 a 30 alunos
2013;33;RJ;3303302;Niterói;33057737;CE ALMIRANTE TAMANDARE;2;1;25;0;16;64.00;462.89;494.96;486.93;507.46;516.25;;;;87.70;;79.00;14.00;7.00;De 1 a 30 alunos
2014;33;RJ;3303302;Niterói;33057737;CE ALMIRANTE TAMANDARE;2;1;50;0;41;82.00;492.31;543.69;505.63;449.6;491.22;;;;88.20;51.22;74.40;18.20;7.40;De 31 a 60 alunos
2015;33;RJ;3303302;Niterói;33057737;CE ALMIRANTE TAMANDARE;2;1;33;0;27;81.82;456;557.48;525.3;464.09;509.63;;;Grupo 4;88.20;77.78;84.30;15.70;0.00;De 31 a 60 alunos
2010;33;RJ;3303302;Niterói;33057753;CE FAGUNDES VARELA;2;1;16;;14;22.90;464.27;551.56;508.02;474.42;605.36;;;;;;55.70;36.10;8.20;De 1 a 30 alunos
2009;33;RJ;3303302;Niterói;33057818;COL ITAPUCA - REGIAO OCEANICA;4;1;16;;13;81.30;583.35;598.12;596.89;550.9;643.75;;;;;;60.70;39.30;0.00;De 1 a 30 alunos
2010;33;RJ;3303302;Niterói;33057818;COL ITAPUCA - REGIAO OCEANICA;4;1;15;;14;93.30;576.94;650.76;598.36;625.5;655.36;;;;;;75.80;24.20;0.00;De 1 a 30 alunos
2011;33;RJ;3303302;Niterói;33057818;COL ITAPUCA - REGIAO OCEANICA;4;1;18;;14;77.78;556.24;545.89;580.7;600.52;615.71;;;;;;76.10;22.40;1.50;De 1 a 30 alunos
2012;33;RJ;3303302;Niterói;33057818;COL ITAPUCA - REGIAO OCEANICA;4;1;18;;15;83.33;552.84;574.09;518.03;662.41;585.33;;;;;;82.70;17.30;0.00;De 1 a 30 alunos
2013;33;RJ;3303302;Niterói;33057818;COL ITAPUCA - REGIAO OCEANICA;4;1;19;0;17;89.47;536.73;560.19;539.81;574.84;622.35;;;;82.10;;83.50;16.50;0.00;De 1 a 30 alunos
2014;33;RJ;3303302;Niterói;33057818;COL ITAPUCA - REGIAO OCEANICA;4;1;33;0;31;93.94;524.26;589.94;558.04;517.87;629.03;;;;80.50;41.94;82.00;16.90;1.10;De 31 a 60 alunos
2015;33;RJ;3303302;Niterói;33057818;COL ITAPUCA - REGIAO OCEANICA;4;1;14;0;13;92.86;526.17;593.51;523.92;510.16;673.85;;;Grupo 5;89.50;76.92;79.50;20.50;0.00;De 1 a 30 alunos
2009;33;RJ;3303302;Niterói;33057826;COLEGIO GAIA;4;1;37;;21;56.80;592.28;606.82;601.4;604.62;631.25;;;;;;88.00;12.00;0.00;De 31 a 60 alunos
2010;33;RJ;3303302;Niterói;33057826;COLEGIO GAIA;4;1;17;;11;64.70;597.84;662.18;587.67;638.99;668.18;;;;;;91.50;8.50;0.00;De 1 a 30 alunos
2011;33;RJ;3303302;Niterói;33057826;COLEGIO GAIA;4;1;15;;13;86.67;559.37;554.58;569.99;577.01;647.69;;;;;;;;;De 1 a 30 alunos
2014;33;RJ;3303302;Niterói;33102503;CE DAVID CAPISTRANO;2;1;241;0;177;73.44;475.13;542.02;505.81;460.93;501.92;;;;75.20;70.62;78.60;15.70;5.70;Maior que 90 alunos
2010;33;RJ;3303302;Niterói;33102503;CE DAVID CAPISTRANO;2;1;228;;116;48.50;487.7;549.67;529.12;512.29;592.24;;;;;;75.00;17.50;7.50;Maior que 90 alunos
2009;33;RJ;3303302;Niterói;33102503;C E DAVID CAPISTRANO;2;1;228;;111;48.70;481.09;489.51;503.06;490.48;559.55;;;;;;74.20;18.60;7.20;Maior que 90 alunos
2012;33;RJ;3303302;Niterói;33102503;CE DAVID CAPISTRANO;2;1;345;;199;57.68;465.95;520.98;497.92;499.61;500.40;;;;;;73.60;18.30;8.10;Maior que 90 alunos
2013;33;RJ;3303302;Niterói;33102503;CE DAVID CAPISTRANO;2;1;231;0;148;64.07;465.05;512.62;498.39;519.25;523.24;;;;68.10;;77.20;13.90;8.90;Maior que 90 alunos
2015;33;RJ;3303302;Niterói;33102503;CE DAVID CAPISTRANO;2;1;275;0;207;75.27;463.35;550.95;511.03;454.02;540.58;;;Grupo 3;78.20;73.91;77.60;19.30;3.10;Maior que 90 alunos
2014;33;RJ;3303302;Niterói;33108579;CIEP 448 RUY FRAZAO SOARES;2;1;17;0;11;64.71;505.62;553.85;533.43;456.76;536.36;;;;71.70;81.82;61.70;28.60;9.70;De 1 a 30 alunos
2015;33;RJ;3303302;Niterói;33108579;CIEP 448 RUY FRAZAO SOARES;2;1;28;0;20;71.43;474.98;539.95;495.83;460.08;542.00;;;Grupo 3;56.70;80.00;80.70;9.70;9.60;De 1 a 30 alunos
2013;33;RJ;3303302;Niterói;33108579;CIEP BRIZOLAO 448 RUY FRAZAO SOARES;2;1;22;0;11;50.00;435.09;496.5;484.59;524.12;545.45;;;;68.80;;68.60;22.10;9.30;De 1 a 30 alunos
2013;33;RJ;3303302;Niterói;33110263;ASSOC EDUC DE NITEROI;4;1;16;0;15;93.75;548.21;597.19;546.32;598.21;574.67;;;;69.20;;80.30;19.70;0.00;De 1 a 30 alunos
2009;33;RJ;3303302;Niterói;33110263;ASSOC EDUC DE NITEROI;4;1;22;;19;86.40;599.4;591.12;594.27;597.07;611.11;;;;;;82.50;17.50;0.00;De 1 a 30 alunos
2012;33;RJ;3303302;Niterói;33110263;ASSOC EDUC DE NITEROI;4;1;24;;22;91.67;608.72;636.43;581.07;667.81;610.91;;;;;;87.80;12.20;0.00;De 1 a 30 alunos
2011;33;RJ;3303302;Niterói;33110263;ASSOC EDUC DE NITEROI;4;1;13;;10;76.92;568.98;554.26;599.94;644.83;641.00;;;;;;83.10;16.90;0.00;De 1 a 30 alunos
2010;33;RJ;3303302;Niterói;33110263;ASSOC EDUC DE NITEROI;4;1;20;;16;80.00;546.75;614.54;565.96;586.64;668.33;;;;;;90.90;9.10;0.00;De 1 a 30 alunos
2014;33;RJ;3303302;Niterói;33110263;ASSOC EDUC DE NITEROI;4;1;22;1;18;81.82;524.68;606.7;570.73;520.28;665.56;;;;76.90;83.33;86.00;14.00;0.00;De 1 a 30 alunos
2015;33;RJ;3303302;Niterói;33111022;COL PIRATININGA;4;1;19;0;16;84.21;485.64;561.33;512.37;491.79;623.75;;;Grupo 5;57.10;37.50;87.50;12.50;0.00;De 1 a 30 alunos
2015;33;RJ;3303302;Niterói;33121753;CENTRO EDUCACIONAL MIRANDA BARROSO;4;1;23;0;18;78.26;525.66;572.32;540.51;478.37;631.11;;;Grupo 3;66.70;72.22;94.70;4.00;1.30;De 1 a 30 alunos
2012;33;RJ;3303302;Niterói;33121753;CENTRO EDUCACIONAL MIRANDA BARROSO;4;1;19;;12;63.16;488.98;518.85;497.67;555.85;513.33;;;;;;;;;De 1 a 30 alunos
2013;33;RJ;3303302;Niterói;33121753;CENTRO EDUCACIONAL MIRANDA BARROSO;4;1;20;0;18;90.00;486.4;522.72;515.34;528.19;521.11;;;;33.30;;98.30;1.70;0.00;De 1 a 30 alunos
2010;33;RJ;3303302;Niterói;33121753;CENTRO EDUCACIONAL MIRANDA BARROSO;4;1;1;;10;100.00;591.85;633.86;593.63;598.75;630.00;;;;;;;;;De 1 a 30 alunos
2014;33;RJ;3303302;Niterói;33121753;CENTRO EDUCACIONAL MIRANDA BARROSO;4;1;17;0;12;70.59;488.85;573.98;533.98;482.69;603.08;;;;53.60;83.33;97.10;2.90;0.00;De 1 a 30 alunos
2009;33;RJ;3303302;Niterói;33121788;FACTO COLEGIO E CURSO;4;1;24;;19;79.20;610.08;619.21;596.22;578.69;598.61;;;;;;88.70;11.30;0.00;De 1 a 30 alunos
2010;33;RJ;3303302;Niterói;33121788;FACTO COLEGIO E CURSO;4;1;27;;26;96.30;574.59;629.12;584.28;605.65;676.92;;;;;;85.20;14.80;0.00;De 1 a 30 alunos
2011;33;RJ;3303302;Niterói;33121788;FACTO COLEGIO E CURSO;4;1;31;;22;70.97;537.66;544.45;584.56;583.76;670.00;;;;;;82.50;17.50;0.00;De 31 a 60 alunos
2012;33;RJ;3303302;Niterói;33121788;FACTO COLEGIO E CURSO;4;1;23;;21;91.30;539.6;594.24;550.07;612.82;619.05;;;;;;90.40;7.70;1.90;De 1 a 30 alunos
2013;33;RJ;3303302;Niterói;33121788;FACTO COLEGIO E CURSO;4;1;25;0;24;96.00;551.5;604.24;571.85;604.57;612.50;;;;75.00;;88.50;5.80;5.70;De 1 a 30 alunos
2015;33;RJ;3303302;Niterói;33121788;FACTO COLEGIO E CURSO;4;1;16;0;15;93.75;558.57;616.36;542.25;587.07;688.00;;;Grupo 5;58.30;26.67;86.70;13.30;0.00;De 1 a 30 alunos
2014;33;RJ;3303302;Niterói;33121788;FACTO COLEGIO E CURSO;4;1;19;0;19;100.00;548.19;633.1;580.02;539.37;620.00;;;;58.30;26.32;64.00;32.00;4.00;De 1 a 30 alunos
2011;33;RJ;3303302;Niterói;33139954;ASSOCIACAO EDUCACIONAL SOARES ALMEIDA SC;4;1;16;;11;68.75;566.15;556.49;590.76;687.17;629.09;;;;;;90.90;7.30;1.80;De 1 a 30 alunos
2010;33;RJ;3303302;Niterói;33139954;ASSOCIACAO EDUCACIONAL SOARES ALMEIDA SC;4;1;15;;14;93.30;557.84;634.4;589.25;647.89;703.57;;;;;;86.30;13.70;0.00;De 1 a 30 alunos
2014;33;RJ;3303302;Niterói;33139954;ASSOCIACAO EDUCACIONAL SOARES ALMEIDA SC;4;1;16;0;14;87.50;594.44;656.41;633.36;669.76;747.14;;;;58.10;64.29;90.60;9.40;0.00;De 1 a 30 alunos
2015;33;RJ;3303302;Niterói;33139954;ASSOCIACAO EDUCACIONAL SOARES ALMEIDA SC;4;1;25;1;24;96.00;614.69;661.15;595.57;681.09;813.17;;;Grupo 6;86.00;79.17;92.10;7.90;0.00;De 1 a 30 alunos
2009;33;RJ;3303302;Niterói;33139954;ASSOCIACAO EDUCACIONAL SOARES ALMEIDA SC;4;1;21;;10;47.60;605.59;629.47;641.62;616.48;530.00;;;;;;98.40;1.60;0.00;De 1 a 30 alunos
2013;33;RJ;3303302;Niterói;33139954;ASSOCIACAO EDUCACIONAL SOARES ALMEIDA SC;4;1;12;0;12;100.00;570.98;620.33;586.93;664.77;593.33;;;;61.30;;88.30;11.70;0.00;De 1 a 30 alunos
2011;33;RJ;3303302;Niterói;33140227;INSTITUTO GUANABARA LTDA FILIAL ICARAI;4;1;61;;43;70.49;551.51;549.94;568.54;612.9;626.51;;;;;;;;;De 61 a 90 alunos
2012;33;RJ;3303302;Niterói;33140227;INSTITUTO GUANABARA LTDA FILIAL ICARAI;4;1;54;;47;87.04;547.24;611.39;563.04;627.35;605.53;;;;;;88.70;11.30;0.00;De 31 a 60 alunos
2013;33;RJ;3303302;Niterói;33140227;COLEGIO E CURSO MIGUEL COUTO - ICARAI;4;1;81;0;76;93.83;552.14;610.29;573.84;608.46;651.05;;;;47.30;;87.30;12.70;0.00;De 61 a 90 alunos
2014;33;RJ;3303302;Niterói;33140227;COLEGIO E CURSO MIGUEL COUTO - ICARAI;4;1;63;0;63;100.00;565.64;621.02;568.45;601.8;676.19;;;;75.00;33.33;76.90;23.10;0.00;De 61 a 90 alunos
2015;33;RJ;3303302;Niterói;33140227;COLEGIO E CURSO MIGUEL COUTO - ICARAI;4;1;46;0;44;95.65;539.36;621.1;568.67;593.57;654.09;;;Grupo 6;67.50;56.82;80.30;19.70;0.00;De 31 a 60 alunos
2009;33;RJ;3303302;Niterói;33143609;GRUPO NIT DE ENSINO;4;1;59;;34;57.60;555.74;585.41;580.54;561.23;678.13;;;;;;85.60;14.40;0.00;De 31 a 60 alunos
2011;33;RJ;3303302;Niterói;33143609;GRUPO NIT DE ENSINO;4;1;43;;37;86.05;515.32;532.55;564.47;583.55;660.00;;;;;;87.70;12.30;0.00;De 31 a 60 alunos
2010;33;RJ;3303302;Niterói;33143609;GRUPO NIT DE ENSINO;4;1;54;;42;77.80;521.79;578.96;555.96;555.45;616.07;;;;;;92.50;7.50;0.00;De 31 a 60 alunos
2012;33;RJ;3303302;Niterói;33143609;GRUPO NIT DE ENSINO;4;1;33;;32;96.97;501.73;569.72;533.19;578.78;537.50;;;;;;;;;De 31 a 60 alunos
2014;33;RJ;3303302;Niterói;33143676;COLEGIO E CURSO M3 - UNIDADE NITEROI;4;1;92;0;86;93.48;582.02;622.31;576.98;598.75;684.65;;;;75.90;51.16;94.30;5.70;0.00;Maior que 90 alunos
2009;33;RJ;3303302;Niterói;33143676;COLEGIO M3;4;1;130;;118;90.80;607.75;620.17;599.96;607.96;677.14;;;;;;92.30;7.10;0.60;Maior que 90 alunos
2013;33;RJ;3303302;Niterói;33143676;COLEGIO E CURSO M3 - UNIDADE NITEROI;4;1;104;0;89;85.58;566.21;610.93;570.63;638.13;619.78;;;;83.80;;89.80;9.90;0.30;Maior que 90 alunos
2010;33;RJ;3303302;Niterói;33143676;COLEGIO M3;4;1;118;;111;94.10;593.74;645.28;595.95;675.77;692.34;;;;;;93.90;6.10;0.00;Maior que 90 alunos
2011;33;RJ;3303302;Niterói;33143676;COLEGIO M3;4;1;116;;85;73.28;572.3;567.28;589.26;666.02;654.12;;;;;;69.50;30.20;0.30;Maior que 90 alunos
2012;33;RJ;3303302;Niterói;33143676;COLEGIO M3;4;1;120;;112;93.33;579.05;617.42;558.85;662.14;638.21;;;;;;92.40;7.00;0.60;Maior que 90 alunos
2015;33;RJ;3303302;Niterói;33143676;COLEGIO E CURSO M3 - UNIDADE NITEROI;4;1;55;0;54;98.18;576.17;640.26;587.1;614.97;689.26;;;Grupo 5;75.70;61.11;98.00;2.00;0.00;De 31 a 60 alunos
2009;33;RJ;3303302;Niterói;33143757;COLEGIO KATTENBACH;4;1;17;;10;67.60;536.87;544.97;545.47;508.67;637.50;;;;;;81.50;18.50;0.00;De 1 a 30 alunos
2012;33;RJ;3303302;Niterói;33143803;COLEGIO SALA DE EDUCAR ----- EX GRAFITE SOCIEDADE CIVIL EDUCACIONAL LTDA;4;1;15;;13;86.67;520.75;572.22;524.18;568.2;583.08;;;;;;94.30;5.70;0.00;De 1 a 30 alunos
2013;33;RJ;3303302;Niterói;33143803;COLEGIO SALA DE EDUCAR ----- EX GRAFITE SOCIEDADE CIVIL EDUCACIONAL LTDA;4;1;20;0;16;80.00;475.98;553.84;516.07;554.33;555.00;;;;58.30;;89.70;8.60;1.70;De 1 a 30 alunos
2015;33;RJ;3303302;Niterói;33143803;COLEGIO SALA DE EDUCAR ----- EX GRAFITE SOCIEDADE CIVIL EDUCACIONAL LTDA;4;1;19;0;18;94.74;493.62;563.02;487.16;477.72;548.89;;;Grupo 3;65.90;72.22;;;;De 1 a 30 alunos
2013;33;RJ;3303302;Niterói;33143846;COLEGIO NITEROI;4;1;11;0;10;90.91;482.45;543.96;539.92;528.93;600.00;;;;75.70;;87.80;12.20;0.00;De 1 a 30 alunos
2015;33;RJ;3303302;Niterói;33143846;COLEGIO NITEROI;4;1;13;0;13;100.00;509.7;559.69;524.13;467.01;558.46;;;Grupo 4;77.50;76.92;88.40;11.60;0.00;De 1 a 30 alunos
2011;33;RJ;3303302;Niterói;33143862;CURSO RIACHUELO;4;1;64;;36;56.25;545.52;553.63;574.46;648.26;648.89;;;;;;98.80;1.20;0.00;De 61 a 90 alunos
2009;33;RJ;3303302;Niterói;33143862;CURSO RIACHUELO;4;1;81;;61;75.30;584.38;583.81;578.74;588.08;641.25;;;;;;99.30;0.70;0.00;De 61 a 90 alunos
2012;33;RJ;3303302;Niterói;33143862;CURSO RIACHUELO;4;1;63;;43;68.25;546.63;583.87;541.18;655.8;583.26;;;;;;96.90;3.10;0.00;De 61 a 90 alunos
2014;33;RJ;3303302;Niterói;33143862;CURSO RIACHUELO;4;1;57;0;43;75.44;557.56;596.86;551.03;577.59;604.65;;;;76.90;65.12;93.50;6.50;0.00;De 31 a 60 alunos
2010;33;RJ;3303302;Niterói;33143862;CURSO RIACHUELO;4;1;60;;46;76.70;542.18;579.95;570.82;609.53;653.33;;;;;;98.60;1.40;0.00;De 31 a 60 alunos
2013;33;RJ;3303302;Niterói;33143862;CURSO RIACHUELO;4;1;39;0;33;84.62;538.58;575.63;536.38;608.28;598.79;;;;85.30;;94.10;5.90;0.00;De 31 a 60 alunos
2015;33;RJ;3303302;Niterói;33143862;CURSO RIACHUELO;4;1;48;0;36;75.00;521.02;589.36;529.21;535.89;598.33;;;Grupo 5;69.40;72.22;98.60;1.40;0.00;De 31 a 60 alunos
2012;33;RJ;3303302;Niterói;33146616;COLEGIO M C;4;1;14;;13;92.86;529.08;569.14;544.36;591;656.92;;;;;;90.60;9.40;0.00;De 1 a 30 alunos
2014;33;RJ;3303302;Niterói;33146616;COLEGIO M C;4;1;24;0;22;91.67;532.78;592.61;552.01;516.94;575.45;;;;78.60;59.09;79.70;20.30;0.00;De 1 a 30 alunos
2014;33;RJ;3303302;Niterói;33146918;COLEGIO E CURSO MIGUEL COUTO;4;1;57;0;55;96.49;568.05;634.83;576.61;594.17;672.00;;;;60.00;63.64;65.60;34.40;0.00;De 31 a 60 alunos
2015;33;RJ;3303302;Niterói;33146918;COLEGIO E CURSO MIGUEL COUTO;4;1;49;0;49;100.00;551.67;630.06;570.01;571.26;678.78;;;Grupo 6;67.30;71.43;83.80;15.60;0.60;De 31 a 60 alunos
2013;33;RJ;3303302;Niterói;33146918;COLEGIO E CURSO MIGUEL COUTO;4;1;52;0;47;90.38;572.45;620.1;572.64;627.61;649.36;;;;58.70;;66.70;33.30;0.00;De 31 a 60 alunos
2011;33;RJ;3303302;Niterói;33146918;COLEGIO E CURSO MIGUEL COUTO;4;1;66;;54;81.82;554.77;565.18;596.07;615.55;609.63;;;;;;68.70;31.30;0.00;De 61 a 90 alunos
2012;33;RJ;3303302;Niterói;33146918;COLEGIO E CURSO MIGUEL COUTO;4;1;47;;47;100.00;568.39;624.23;568.55;660.9;667.23;;;;;;66.50;33.50;0.00;De 31 a 60 alunos
2009;33;RJ;3303302;Niterói;33150931;COLEGIO E CURSO PONTO DE ENSINO;4;1;196;;17;8.70;604.84;617.19;599.23;648.86;651.67;;;;;;92.50;7.20;0.30;Maior que 90 alunos
2010;33;RJ;3303302;Niterói;33150931;COLEGIO E CURSO PONTO DE ENSINO;4;1;172;;20;11.60;640.84;682.65;642.89;719.67;718.75;;;;;;93.20;6.80;0.00;Maior que 90 alunos
2014;33;RJ;3303302;Niterói;33150931;COLEGIO E CURSO PONTO DE ENSINO;4;1;168;0;165;98.21;590.42;640.34;587.11;667.31;711.64;;;;86.30;3.03;100.00;0.00;0.00;Maior que 90 alunos
2012;33;RJ;3303302;Niterói;33150931;COLEGIO E CURSO PONTO DE ENSINO;4;1;152;;143;94.08;592.71;643.89;585.66;691;663.78;;;;;;98.10;1.90;0.00;Maior que 90 alunos
2015;33;RJ;3303302;Niterói;33150931;COLEGIO E CURSO PONTO DE ENSINO;4;1;191;0;182;95.29;580.36;647.96;581.34;641.76;720.66;;;Grupo 6;75.50;0.00;92.80;7.20;0.00;Maior que 90 alunos
2011;33;RJ;3303302;Niterói;33150931;COLEGIO E CURSO PONTO DE ENSINO;4;1;207;;149;71.98;595.84;597.34;617.1;699.65;697.85;;;;;;90.30;9.20;0.50;Maior que 90 alunos
2013;33;RJ;3303302;Niterói;33150931;COLEGIO E CURSO PONTO DE ENSINO;4;1;156;0;142;91.03;592.38;634.31;577.84;660.81;685.92;;;;90.40;;85.50;14.50;0.00;Maior que 90 alunos
2014;33;RJ;3303302;Niterói;33153442;VOLTAIRE COLEGIO E VESTIBULARES;4;1;42;0;38;90.48;509.64;574.82;541.03;502.59;604.21;;;;48.70;39.47;59.80;37.60;2.60;De 31 a 60 alunos
2009;33;RJ;3303302;Niterói;33153442;VOLTAIRE COLEGIO E VESTIBULARES;4;1;56;;34;60.70;605.24;611.85;575.95;609.29;577.21;;;;;;75.00;25.00;0.00;De 31 a 60 alunos
2012;33;RJ;3303302;Niterói;33153442;VOLTAIRE COLEGIO E VESTIBULARES;4;1;55;;53;96.36;516.93;577.52;531.47;576.52;590.19;;;;;;55.00;44.40;0.60;De 31 a 60 alunos
2013;33;RJ;3303302;Niterói;33153442;VOLTAIRE COLEGIO E VESTIBULARES;4;1;49;0;44;89.80;518.94;571.81;532.42;542.22;580.00;;;;61.10;;63.80;34.50;1.70;De 31 a 60 alunos
2010;33;RJ;3303302;Niterói;33153442;VOLTAIRE COLEGIO E VESTIBULARES;4;1;60;;62;100.00;540.69;591.07;570.82;564.32;642.34;;;;;;78.80;19.90;1.30;De 31 a 60 alunos
2011;33;RJ;3303302;Niterói;33153442;VOLTAIRE COLEGIO E VESTIBULARES;4;1;42;;34;80.95;523.34;520.87;567.66;574.15;604.56;;;;;;;;;De 31 a 60 alunos
2015;33;RJ;3303302;Niterói;33153442;VOLTAIRE COLEGIO E VESTIBULARES;4;1;50;0;39;78.00;502.21;574.48;521.54;496.39;597.95;;;Grupo 5;56.40;30.77;66.40;33.60;0.00;De 31 a 60 alunos
2009;33;RJ;3303302;Niterói;33153450;COLEGIO PH;4;1;161;;152;94.40;679.12;681.52;665.88;696.68;687.07;;;;;;92.70;7.30;0.00;Maior que 90 alunos
2010;33;RJ;3303302;Niterói;33153450;COLEGIO PH;4;1;198;;198;100.00;633.4;696.99;642.08;715.02;750.51;;;;;;95.20;4.80;0.00;Maior que 90 alunos
2011;33;RJ;3303302;Niterói;33153450;COLEGIO PH;4;1;192;;141;73.44;646.95;625.1;645.74;744.35;735.74;;;;;;98.50;1.50;0.00;Maior que 90 alunos
2012;33;RJ;3303302;Niterói;33153450;COLEGIO PH;4;1;203;;195;96.06;629.65;671.97;620.71;740.15;745.54;;;;;;97.70;2.30;0.00;Maior que 90 alunos
2015;33;RJ;3303302;Niterói;33153450;COLEGIO PH;4;1;242;0;237;97.93;621.83;669.43;614.41;696.87;797.47;;;Grupo 6;78.40;61.60;98.30;1.70;0.00;Maior que 90 alunos
2014;33;RJ;3303302;Niterói;33153450;COLEGIO PH;4;1;203;0;199;98.03;634.3;671.46;625.01;695.36;793.67;;;;82.70;63.82;96.90;3.10;0.00;Maior que 90 alunos
2013;33;RJ;3303302;Niterói;33153450;COLEGIO PH;4;1;192;0;184;95.83;625.09;673.82;619.52;701.15;791.30;;;;80.60;;97.50;2.50;0.00;Maior que 90 alunos
2009;33;RJ;3303302;Niterói;33153469;INSTITUTO ELO DE EDUCACAO;4;1;9;;10;100.00;582;595.06;600.21;592.78;602.50;;;;;;64.10;35.90;0.00;De 1 a 30 alunos
2011;33;RJ;3303302;Niterói;33153515;CENTRO EDUCACIONAL PALAS ATENA;4;1;15;;11;73.33;489.28;517.14;553.63;539.52;581.82;;;;;;100.00;0.00;0.00;De 1 a 30 alunos
2014;33;RJ;3303302;Niterói;33153515;CENTRO EDUCACIONAL PALAS ATENA;4;1;24;0;17;70.83;472.38;555.24;499.56;417.78;494.12;;;;69.20;70.59;78.80;21.20;0.00;De 1 a 30 alunos
2015;33;RJ;3303302;Niterói;33153515;CENTRO EDUCACIONAL PALAS ATENA;4;1;17;0;11;64.71;491.48;580.89;517.25;451.98;585.45;;;Grupo 5;76.90;9.09;96.50;1.80;1.70;De 1 a 30 alunos
2015;33;RJ;3303302;Niterói;33153795;COL DA POLICIA MILITAR DO EST DO RIO DE JANEIRO;2;1;29;0;28;96.55;542.15;610.23;554.61;597.01;650.71;;;Grupo 5;71.20;92.86;97.60;2.40;0.00;De 1 a 30 alunos
2010;33;RJ;3303302;Niterói;33155216;COLEGIO PEDRO II UNIDADE ESCOLAR DESCENTRALIZADA DE NITEROI;1;1;180;;175;97.20;622.31;669.19;617.42;705.32;713.29;;;;;;95.40;4.60;0.00;Maior que 90 alunos
2014;33;RJ;3303302;Niterói;33155216;COLEGIO PEDRO II - CAMPUS NITEROI;1;1;184;2;174;94.57;631.84;654.63;592.95;697.24;744.71;;;;96.00;89.66;95.40;4.40;0.20;Maior que 90 alunos
2011;33;RJ;3303302;Niterói;33155216;COLEGIO PEDRO II UNIDADE ESCOLAR DESCENTRALIZADA DE NITEROI;1;1;119;;97;81.51;639.55;608.59;623.58;749.75;704.33;;;;;;;;;Maior que 90 alunos
2013;33;RJ;3303302;Niterói;33155216;COLEGIO PEDRO II - CAMPUS NITEROI;1;1;193;3;188;97.41;619.1;653.1;596.8;689.4;723.51;;;;86.40;;96.30;3.50;0.20;Maior que 90 alunos
2015;33;RJ;3303302;Niterói;33155216;CPII - CAMPUS NITEROI;1;1;200;0;196;98.00;620.26;670.89;606.12;691.53;776.33;;;Grupo 5;96.20;94.90;92.60;5.80;1.60;Maior que 90 alunos
2009;33;RJ;3303302;Niterói;33155216;COLEGIO PEDRO II UNIDADE ESCOLAR DESCENTRALIZADA DE NITEROI;1;1;169;;162;95.90;647.36;658.21;641.38;656.03;699.07;;;;;;93.40;6.60;0.00;Maior que 90 alunos
2012;33;RJ;3303302;Niterói;33155216;COLEGIO PEDRO II UNIDADE ESCOLAR DESCENTRALIZADA DE NITEROI;1;1;178;;177;99.44;623.69;648.77;583.9;726.2;730.40;;;;;;94.20;5.40;0.40;Maior que 90 alunos
2011;33;RJ;3303302;Niterói;33155259;ISJB - COLEGIO SALESIANO REGIAO OCEANICA;4;1;73;;62;84.93;556.2;561.03;589.66;654.13;689.68;;;;;;;;;De 61 a 90 alunos
2012;33;RJ;3303302;Niterói;33155259;ISJB - COLEGIO SALESIANO REGIAO OCEANICA;4;1;68;;66;97.06;597.72;631.61;583.82;658.8;689.69;;;;;;91.50;8.50;0.00;De 61 a 90 alunos
2009;33;RJ;3303302;Niterói;33155259;COLEGIO SALESIANO REGIAO OCEANICA;4;1;84;;65;58.40;589.88;607.7;594.95;590.14;607.42;;;;;;89.90;10.10;0.00;De 61 a 90 alunos
2010;33;RJ;3303302;Niterói;33155259;ISJB - COLEGIO SALESIANO REGIAO OCEANICA;4;1;44;;43;54.10;589.75;645.27;598.24;648.64;704.07;;;;;;87.70;12.30;0.00;De 31 a 60 alunos
2013;33;RJ;3303302;Niterói;33155259;ISJB - COLEGIO SALESIANO REGIAO OCEANICA;4;1;79;0;75;94.94;584.98;630.46;579.28;636.72;701.60;;;;52.80;;95.50;4.00;0.50;De 61 a 90 alunos
2014;33;RJ;3303302;Niterói;33155259;ISJB - COLEGIO SALESIANO REGIAO OCEANICA;4;1;90;0;87;96.67;568.59;625.25;575.96;611.42;736.78;;;;51.40;1.15;92.10;7.90;0.00;De 61 a 90 alunos
2015;33;RJ;3303302;Niterói;33155259;ISJB - COLEGIO SALESIANO REGIAO OCEANICA;4;1;60;0;58;96.67;561.65;632.63;573.67;585.28;745.17;;;Grupo 6;61.50;77.59;93.00;7.00;0.00;De 31 a 60 alunos
2010;33;RJ;3303302;Niterói;33158290;VOLTAIRE COLEGIO E VESTIBULARES;4;1;34;;25;73.50;556.57;614;571.47;581.88;654.17;;;;;;78.00;20.30;1.70;De 31 a 60 alunos
2011;33;RJ;3303302;Niterói;33158290;VOLTAIRE COLEGIO E VESTIBULARES;4;1;26;;16;61.54;515.08;528.18;569.56;576.14;622.50;;;;;;;;;De 1 a 30 alunos
2009;33;RJ;3303302;Niterói;33158290;VOLTAIRE COLEGIO E VESTIBULARES;4;1;20;;23;100.00;548.06;574.65;592.03;575.43;647.83;;;;;;73.90;23.90;2.20;De 1 a 30 alunos
2015;33;RJ;3303302;Niterói;33158290;VOLTAIRE COLEGIO E VESTIBULARES;4;1;28;0;27;96.43;484.84;580.1;518.77;454.53;603.70;;;Grupo 5;47.20;22.22;62.70;35.60;1.70;De 1 a 30 alunos
2013;33;RJ;3303302;Niterói;33158290;VOLTAIRE COLEGIO E VESTIBULARES;4;1;35;0;32;91.43;489.29;547.77;525.5;554.87;591.88;;;;59.50;;55.40;44.60;0.00;De 31 a 60 alunos
2014;33;RJ;3303302;Niterói;33158290;VOLTAIRE COLEGIO E VESTIBULARES;4;1;44;1;43;97.73;508.88;575.55;544.05;478.03;559.23;;;;58.10;18.60;57.70;41.00;1.30;De 31 a 60 alunos
2015;33;RJ;3303302;Niterói;33160163;GERACAO FORUM CULTURAL LTDA;4;1;25;3;22;88.00;555.15;634.49;571.14;630.24;746.14;;;Grupo 6;79.50;90.91;96.90;3.10;0.00;De 1 a 30 alunos
2011;33;RJ;3303302;Niterói;33161194;SISTEMA ELITE DE ENSINO;4;1;16;;11;68.75;523.49;540.22;572.85;578.77;609.09;;;;;;100.00;0.00;0.00;De 1 a 30 alunos
2013;33;RJ;3303302;Niterói;33161194;SISTEMA ELITE DE ENSINO;4;1;49;0;43;87.76;525.86;570.91;532.49;599.8;603.65;;;;100.00;;95.20;4.80;0.00;De 31 a 60 alunos
2009;33;RJ;3303302;Niterói;33161429;COLEGIO E CURSO PONTO DE ENSINO - UNIDADE NITEROI;4;1;85;;241;100.00;636.99;645.68;629.95;651.22;666.52;;;;;;79.30;20.70;0.00;De 61 a 90 alunos
2010;33;RJ;3303302;Niterói;33161429;COLEGIO E CURSO PONTO DE ENSINO - UNIDADE NITEROI;4;1;101;;245;100.00;604.92;657.53;609.2;693.51;686.93;;;;;;98.30;1.70;0.00;Maior que 90 alunos
2012;33;RJ;3303302;Niterói;33161429;COLEGIO E CURSO PONTO DE ENSINO;4;1;94;;88;93.62;591.35;630.6;570.52;699.23;676.82;;;;;;96.00;3.60;0.40;Maior que 90 alunos
2013;33;RJ;3303302;Niterói;33161429;COLEGIO E CURSO PONTO DE ENSINO;4;1;72;0;62;86.11;605.52;645.97;587.54;675.15;685.81;;;;73.10;;93.50;6.50;0.00;De 61 a 90 alunos
2011;33;RJ;3303302;Niterói;33161429;COLEGIO E CURSO PONTO DE ENSINO;4;1;112;;91;81.25;593.86;598.6;609.48;695.75;703.30;;;;;;85.90;14.10;0.00;Maior que 90 alunos
2014;33;RJ;3303302;Niterói;33161429;COLEGIO E CURSO PONTO DE ENSINO;4;1;72;0;70;97.22;591.46;646.73;581.91;636.91;713.71;;;;61.90;55.71;91.90;8.10;0.00;De 61 a 90 alunos
2015;33;RJ;3303302;Niterói;33161429;COLEGIO E CURSO PONTO DE ENSINO;4;1;68;0;68;100.00;564.34;643.65;576.93;616.97;734.71;;;Grupo 6;77.80;44.12;83.70;16.30;0.00;De 61 a 90 alunos
2013;33;RJ;3303302;Niterói;33165920;COLEGIO E CURSO PONTO DE ENSINO;4;1;39;0;35;89.74;676.79;706.26;644.26;783.39;789.71;;;;78.20;;87.60;12.40;0.00;De 31 a 60 alunos
2014;33;RJ;3303302;Niterói;33165920;COLEGIO E CURSO PONTO DE ENSINO;4;1;16;0;15;93.75;671.63;708.33;622.07;843.4;788.00;;;;83.00;33.33;84.70;15.30;0.00;De 1 a 30 alunos
2015;33;RJ;3303302;Niterói;33165920;COLEGIO E CURSO PONTO DE ENSINO;4;1;41;0;41;100.00;667.97;706.46;639.8;804.13;814.63;;;Grupo 6;64.60;31.71;72.00;28.00;0.00;De 31 a 60 alunos
2014;33;RJ;3303302;Niterói;33165998;COLEGIO PH;4;1;71;0;65;91.55;615.29;653.04;598.45;683.81;725.23;;;;75.00;46.15;97.00;3.00;0.00;De 61 a 90 alunos
2015;33;RJ;3303302;Niterói;33165998;COLEGIO PH;4;1;90;0;87;96.67;599.87;663.23;598.15;654.48;713.79;;;Grupo 6;83.30;71.26;97.50;2.50;0.00;De 61 a 90 alunos
2012;33;RJ;3303302;Niterói;33165998;COLEGIO PH;4;1;16;;16;100.00;607.69;663.38;608.68;685.37;763.75;;;;;;96.20;3.80;0.00;De 1 a 30 alunos
2013;33;RJ;3303302;Niterói;33165998;COLEGIO PH;4;1;41;0;38;92.68;608.07;657.89;612.08;665.33;764.21;;;;78.00;;99.00;1.00;0.00;De 31 a 60 alunos
2012;33;RJ;3303302;Niterói;33229007;COLEGIO GRAFITE - SALA DE EDUCAR LTDA;4;1;37;;31;83.78;528.31;585.14;529.05;603.71;581.94;;;;;;96.50;3.50;0.00;De 31 a 60 alunos
2009;33;RJ;3303302;Niterói;33229007;COLEGIO GRAFITE - SALA DE EDUCAR LTDA;4;1;25;;29;100.00;524.76;531.68;496.02;499.2;605.17;;;;;;88.60;11.40;0.00;De 1 a 30 alunos
2010;33;RJ;3303302;Niterói;33229007;COLEGIO GRAFITE - SALA DE EDUCAR LTDA;4;1;24;;32;100.00;522.89;582.39;564.87;591.46;614.84;;;;;;90.20;9.80;0.00;De 1 a 30 alunos
2013;33;RJ;3303302;Niterói;33229007;COLEGIO GRAFITE - COLEGIO SALA DE EDUCAR LTDA-ME;4;1;33;0;27;81.82;525.48;563.71;535.87;585.86;551.11;;;;82.60;;94.80;4.30;0.90;De 31 a 60 alunos
2014;33;RJ;3303302;Niterói;33229007;COLEGIO GRAFITE - COLEGIO SALA DE EDUCAR LTDA-ME;4;1;29;0;25;86.21;513.93;580.02;537.34;544.1;548.80;;;;88.20;48.00;88.80;11.20;0.00;De 1 a 30 alunos
2015;33;RJ;3303302;Niterói;33229007;COLEGIO GRAFITE - COLEGIO SALA DE EDUCAR LTDA-ME;4;1;31;0;28;90.32;515.22;579.88;543.74;556.73;627.14;;;Grupo 5;80.40;71.43;;;;De 31 a 60 alunos
2011;33;RJ;3303302;Niterói;33229007;COLEGIO GRAFITE - SALA DE EDUCAR LTDA;4;1;36;;23;63.89;505.46;517.95;544.69;616.36;605.22;;;;;;86.70;10.80;2.50;De 31 a 60 alunos
2011;33;RJ;3303302;Niterói;33231265;COLEGIO OPCAO;4;1;30;;25;83.33;474.72;468.55;511.78;548.82;598.40;;;;;;74.50;25.50;0.00;De 1 a 30 alunos
2009;33;RJ;3303302;Niterói;33231265;COLEGIO OPCAO;4;1;17;;16;82.90;498.94;484.39;476.83;474.82;575.00;;;;;;73.70;24.60;1.70;De 1 a 30 alunos
2010;33;RJ;3303302;Niterói;33231265;COLEGIO OPCAO;4;1;19;;19;81.10;506.66;557.06;523.66;537.39;609.21;;;;;;89.50;7.00;3.50;De 1 a 30 alunos
2012;33;RJ;3303302;Niterói;33231265;COLEGIO OPCAO;4;1;41;;37;90.24;457.88;504.1;488.52;498.22;500.54;;;;;;71.90;28.10;0.00;De 31 a 60 alunos
2014;33;RJ;3303302;Niterói;33231265;COLEGIO OPCAO;4;1;46;0;29;63.04;489.71;557.36;519.01;456.87;528.97;;;;85.70;24.14;57.80;41.50;0.70;De 31 a 60 alunos
2015;33;RJ;3303302;Niterói;33231265;COLEGIO OPCAO;4;1;42;0;33;78.57;466.19;554.88;511.75;450.04;542.42;;;Grupo 4;87.00;39.39;65.20;34.80;0.00;De 31 a 60 alunos
2013;33;RJ;3303302;Niterói;33231265;COLEGIO OPCAO;4;1;49;0;30;61.22;473.7;525.8;503.44;515.7;548.67;;;;85.00;;92.00;7.20;0.80;De 31 a 60 alunos
2010;33;RJ;3303302;Niterói;33326207;CENTRO EDUCACIONAL GOMES PEREIRA;4;1;22;;14;63.60;534.61;579.34;573.56;541.64;682.14;;;;;;57.70;42.30;0.00;De 1 a 30 alunos
2014;33;RJ;3303302;Niterói;33326207;CENTRO EDUCACIONAL GOMES PEREIRA;4;1;29;0;24;82.76;528.43;587.45;540.39;520.6;587.50;;;;52.10;87.50;68.50;31.50;0.00;De 1 a 30 alunos
2012;33;RJ;3303302;Niterói;33326207;CENTRO EDUCACIONAL GOMES PEREIRA;4;1;26;;23;88.46;497.29;562.53;533.08;533.54;538.26;;;;;;55.20;44.00;0.80;De 1 a 30 alunos
2011;33;RJ;3303302;Niterói;33326207;CENTRO EDUCACIONAL GOMES PEREIRA;4;1;29;;18;62.07;535.06;526.21;576.31;620.74;590.00;;;;;;64.90;35.10;0.00;De 1 a 30 alunos
2013;33;RJ;3303302;Niterói;33326207;CENTRO EDUCACIONAL GOMES PEREIRA;4;1;29;0;26;89.66;517.59;543.52;532.19;533.97;552.31;;;;50.90;;59.10;40.90;0.00;De 1 a 30 alunos
2015;33;RJ;3303302;Niterói;33326207;CENTRO EDUCACIONAL GOMES PEREIRA;4;1;23;0;22;95.65;524.11;604.31;559.3;540.22;657.27;;;Grupo 4;60.50;72.73;78.80;21.20;0.00;De 1 a 30 alunos
2013;33;RJ;3303302;Niterói;33344221;ISBEN EDUCACAO E CULTURA;4;1;22;0;19;86.36;511.62;556.33;517.77;563.46;589.47;;;;66.70;;78.90;21.10;0.00;De 1 a 30 alunos
2014;33;RJ;3303302;Niterói;33344221;ISBEN EDUCACAO E CULTURA;4;1;13;0;11;84.62;496.91;555.59;498.86;489.21;552.73;;;;73.00;54.55;64.60;35.40;0.00;De 1 a 30 alunos
2015;33;RJ;3303302;Niterói;33344221;ISBEN EDUCACAO E CULTURA;4;1;15;0;14;93.33;502.36;589.21;519.56;535.41;588.57;;;Grupo 5;75.00;57.14;72.10;27.90;0.00;De 1 a 30 alunos
2011;33;RJ;3303302;Niterói;33345201;COLEGIO PLUZ;4;1;16;;14;87.50;540.11;541.89;569.25;640.6;585.71;;;;;;80.70;19.30;0.00;De 1 a 30 alunos
2013;33;RJ;3303302;Niterói;33345201;COLEGIO PLUZ;4;1;20;1;17;85.00;570.71;592.74;572.99;618.58;711.76;;;;57.10;;90.10;9.90;0.00;De 1 a 30 alunos
2010;33;RJ;3303302;Niterói;33345201;COLEGIO PLUZ;4;1;21;;13;61.90;506.4;589.15;544.77;511.76;625.00;;;;;;88.30;10.40;1.30;De 1 a 30 alunos
2014;33;RJ;3303302;Niterói;33345201;COLEGIO PLUZ;4;1;13;0;12;92.31;554.59;592.03;557.35;590.45;640.00;;;;66.70;83.33;75.30;24.70;0.00;De 1 a 30 alunos
2015;33;RJ;3303302;Niterói;33345201;COLEGIO PLUZ;4;1;20;0;20;100.00;533.63;613.85;550.89;573.93;638.00;;;Grupo 5;59.50;45.00;89.20;10.80;0.00;De 1 a 30 alunos
2009;33;RJ;3303302;Niterói;33345201;COLEGIO PLUZ;4;1;24;;18;75.00;541.76;534.17;523.76;494.27;640.28;;;;;;82.90;15.90;1.20;De 1 a 30 alunos
2012;33;RJ;3303302;Niterói;33345201;COLEGIO PLUZ;4;1;25;;20;80.00;549.19;580.7;542.02;614.06;610.00;;;;;;81.60;17.10;1.30;De 1 a 30 alunos
2010;33;RJ;3303302;Niterói;33442304;DORNELLAS COLEGIO E CURSO LTDA;4;1;14;;12;85.70;564.23;632.08;612.98;670.42;710.42;;;;;;83.90;16.10;0.00;De 1 a 30 alunos
2011;33;RJ;3303302;Niterói;33442304;COLEGIO CURSO INTELLECTUS - UNIDADE OCEANICA;4;1;30;;26;86.67;564.47;562.12;605.61;610.41;651.54;;;;;;76.90;22.30;0.80;De 1 a 30 alunos
2012;33;RJ;3303302;Niterói;33442304;COLEGIO CURSO INTELLECTUS - UNIDADE OCEANICA;4;1;43;;42;97.67;551.51;602.11;559.96;650.75;582.38;;;;;;83.30;16.10;0.60;De 31 a 60 alunos
2013;33;RJ;3303302;Niterói;33442304;COLEGIO CURSO INTELLECTUS - UNIDADE OCEANICA;4;1;52;0;48;92.31;568.88;611.14;584.76;646.2;621.25;;;;89.20;;89.60;10.40;0.00;De 31 a 60 alunos
2014;33;RJ;3303302;Niterói;33442304;COLEGIO CURSO INTELLECTUS - UNIDADE OCEANICA;4;1;73;0;68;93.15;563.12;624.16;582.72;586.13;652.35;;;;89.20;66.18;88.70;11.30;0.00;De 61 a 90 alunos
2015;33;RJ;3303302;Niterói;33442304;COLEGIO CURSO INTELLECTUS - UNIDADE OCEANICA;4;1;82;0;78;95.12;550.85;629.7;570.65;549.28;671.03;;;Grupo 5;100.00;61.54;92.00;8.00;0.00;De 61 a 90 alunos
2012;33;RJ;3303302;Niterói;33444315;CENTRO EDUCACIONAL GIRASSOIS;4;1;28;;17;60.71;434.78;516.41;500.94;486.68;547.06;;;;;;86.50;10.60;2.90;De 1 a 30 alunos
2013;33;RJ;3303302;Niterói;33444315;CENTRO EDUCACIONAL GIRASSOIS;4;1;22;0;15;68.18;453.73;509.5;488.35;494.53;532.00;;;;30.80;;96.70;3.30;0.00;De 1 a 30 alunos
2014;33;RJ;3303302;Niterói;33444315;CENTRO EDUCACIONAL GIRASSOIS;4;1;27;0;24;88.89;465.18;543.37;525.39;454.48;561.67;;;;33.30;91.67;90.00;10.00;0.00;De 1 a 30 alunos
2015;33;RJ;3303302;Niterói;33444315;CENTRO EDUCACIONAL GIRASSOIS;4;1;19;0;13;68.42;452.49;560.97;528.74;411.07;563.08;;;Grupo 3;31.40;100.00;95.40;4.60;0.00;De 1 a 30 alunos
